-- phpMyAdmin SQL Dump
-- version 4.6.5.2
-- https://www.phpmyadmin.net/
--
-- Host: 127.0.0.1
-- Generation Time: Jun 07, 2017 at 05:31 AM
-- Server version: 10.1.21-MariaDB
-- PHP Version: 5.6.30

SET SQL_MODE = "NO_AUTO_VALUE_ON_ZERO";
SET time_zone = "+00:00";


/*!40101 SET @OLD_CHARACTER_SET_CLIENT=@@CHARACTER_SET_CLIENT */;
/*!40101 SET @OLD_CHARACTER_SET_RESULTS=@@CHARACTER_SET_RESULTS */;
/*!40101 SET @OLD_COLLATION_CONNECTION=@@COLLATION_CONNECTION */;
/*!40101 SET NAMES utf8mb4 */;

--
-- Database: `db_nichiyu_new`
--

-- --------------------------------------------------------

--
-- Table structure for table `tbl_activity_logs`
--

CREATE TABLE `tbl_activity_logs` (
  `activityLog_id` int(11) NOT NULL,
  `user_id` int(11) NOT NULL,
  `timestamp` datetime NOT NULL DEFAULT CURRENT_TIMESTAMP,
  `acitivityType_id` int(11) NOT NULL,
  `activityDetails` varchar(240) COLLATE utf8mb4_unicode_ci NOT NULL
) ENGINE=InnoDB DEFAULT CHARSET=utf8mb4 COLLATE=utf8mb4_unicode_ci;

--
-- Dumping data for table `tbl_activity_logs`
--

INSERT INTO `tbl_activity_logs` (`activityLog_id`, `user_id`, `timestamp`, `acitivityType_id`, `activityDetails`) VALUES
(1, 5, '2017-05-01 20:06:55', 8, 'User has logged out'),
(2, 6, '2017-05-01 20:07:09', 1, 'User has logged in'),
(3, 6, '2017-05-01 20:08:33', 1, 'User has logged out'),
(4, 2, '2017-05-01 20:08:38', 1, 'User has logged in'),
(5, 2, '2017-05-01 20:09:36', 1, 'User has logged out'),
(6, 4, '2017-05-01 20:09:43', 1, 'User has logged in'),
(7, 4, '2017-05-01 20:10:52', 1, 'User has logged out'),
(8, 5, '2017-05-01 20:10:54', 1, 'User has logged in'),
(9, 5, '2017-05-01 20:11:17', 8, 'User has logged out'),
(10, 6, '2017-05-01 20:11:26', 1, 'User has logged in'),
(11, 6, '2017-05-01 20:57:21', 1, 'User has logged out'),
(12, 2, '2017-05-01 21:00:27', 1, 'User has logged in'),
(13, 2, '2017-05-01 21:00:47', 1, 'User has logged out'),
(14, 4, '2017-05-01 21:00:53', 1, 'User has logged in'),
(15, 4, '2017-05-01 21:02:08', 1, 'User has logged out'),
(16, 6, '2017-05-01 21:02:20', 1, 'User has logged in'),
(17, 2, '2017-05-01 21:03:14', 1, 'User has logged in'),
(18, 2, '2017-05-01 21:13:39', 1, 'User has logged out'),
(19, 4, '2017-05-01 21:13:46', 1, 'User has logged in'),
(20, 4, '2017-05-01 21:13:55', 1, 'User has logged out'),
(21, 5, '2017-05-01 21:14:00', 1, 'User has logged in'),
(22, 5, '2017-05-01 23:33:19', 8, 'User has logged out'),
(23, 2, '2017-05-01 23:33:30', 1, 'User has logged in'),
(24, 2, '2017-05-02 10:18:00', 1, 'User has logged out'),
(25, 4, '2017-05-02 10:18:17', 1, 'User has logged in'),
(26, 4, '2017-05-02 10:18:45', 1, 'User has logged out'),
(27, 5, '2017-05-02 10:18:50', 1, 'User has logged in'),
(28, 5, '2017-05-02 10:19:49', 8, 'User has logged out'),
(29, 1, '2017-05-02 10:20:01', 1, 'User has logged in'),
(30, 1, '2017-05-02 10:21:23', 1, 'User has logged out'),
(31, 2, '2017-05-02 10:21:43', 1, 'User has logged in'),
(32, 2, '2017-05-02 10:24:09', 1, 'User has logged out'),
(33, 2, '2017-05-02 10:26:39', 1, 'User has logged in'),
(34, 2, '2017-05-02 10:39:54', 1, 'User has logged out'),
(35, 5, '2017-05-02 10:40:09', 1, 'User has logged in'),
(36, 5, '2017-05-02 10:40:45', 8, 'User has logged out'),
(37, 6, '2017-05-02 10:41:12', 1, 'User has logged in'),
(38, 6, '2017-05-02 10:57:25', 1, 'User has logged out'),
(39, 2, '2017-05-02 10:57:37', 1, 'User has logged in'),
(40, 2, '2017-05-02 11:08:29', 1, 'User has logged out'),
(41, 6, '2017-05-02 11:08:53', 1, 'User has logged in'),
(42, 6, '2017-05-02 11:11:09', 1, 'User has logged out'),
(43, 5, '2017-05-02 11:11:15', 1, 'User has logged in'),
(44, 5, '2017-05-02 11:14:58', 8, 'User has logged out'),
(45, 2, '2017-05-02 11:15:22', 1, 'User has logged in'),
(46, 2, '2017-05-02 11:22:24', 1, 'User has logged out'),
(47, 6, '2017-05-02 11:22:55', 1, 'User has logged in'),
(48, 2, '2017-05-02 11:44:01', 1, 'User has logged in'),
(49, 2, '2017-05-02 13:02:54', 1, 'User has logged in'),
(50, 2, '2017-05-02 13:02:54', 1, 'User has logged in'),
(51, 2, '2017-05-02 13:04:25', 1, 'User has logged out'),
(52, 6, '2017-05-02 13:04:36', 1, 'User has logged in'),
(53, 6, '2017-05-02 13:04:45', 4, 'Item \"123\" with part number of \"123\"'),
(54, 6, '2017-05-02 13:04:51', 4, 'Item \"123\" with part number of \"123\"'),
(55, 6, '2017-05-02 13:04:57', 4, 'Item \"123\" with part number of \"123\"'),
(56, 6, '2017-05-02 13:04:57', 4, 'Item \"123\" with part number of \"123\"'),
(57, 6, '2017-05-02 13:05:03', 4, 'Item \"123\" with part number of \"123\"'),
(58, 6, '2017-05-02 13:05:09', 4, 'Item \"123\" with part number of \"123\"'),
(59, 6, '2017-05-02 13:05:13', 4, 'Item \"123\" with part number of \"123\"'),
(60, 6, '2017-05-02 13:05:19', 4, 'Item \"123\" with part number of \"123\"'),
(61, 6, '2017-05-02 13:05:24', 4, 'Item \"123\" with part number of \"123\"'),
(62, 6, '2017-05-02 13:05:24', 4, 'Item \"123\" with part number of \"123\"'),
(63, 6, '2017-05-02 13:05:37', 4, 'Item \"123\" with part number of \"123\"'),
(64, 6, '2017-05-02 13:05:51', 4, 'Item \"BULB\" with part number of \"36430-00630\"'),
(65, 6, '2017-05-02 13:06:00', 4, 'Item \"BULB\" with part number of \"36430-00630\"'),
(66, 6, '2017-05-02 13:06:07', 1, 'User has logged out'),
(67, 2, '2017-05-02 13:06:23', 1, 'User has logged in'),
(68, 2, '2017-05-02 13:06:31', 1, 'User has logged out'),
(69, 6, '2017-05-02 13:06:41', 1, 'User has logged in'),
(70, 6, '2017-05-02 13:06:48', 4, 'Item \"123\" with part number of \"123\"'),
(71, 6, '2017-05-02 13:06:54', 4, 'Item \"123\" with part number of \"123\"'),
(72, 6, '2017-05-02 13:07:11', 4, 'Item \"BULB\" with part number of \"36430-00630\"'),
(73, 6, '2017-05-02 13:08:00', 4, 'Item \"BULB\" with part number of \"36430-00630\"'),
(74, 6, '2017-05-02 13:08:07', 4, 'Item \"BULB\" with part number of \"36430-00630\"'),
(75, 6, '2017-05-02 13:08:44', 4, 'Item \"BULB\" with part number of \"36430-00630\"'),
(76, 6, '2017-05-02 13:08:50', 4, 'Item \"BULB\" with part number of \"36430-00630\"'),
(77, 6, '2017-05-02 13:09:28', 4, 'Item \"BULB\" with part number of \"36430-00630\"'),
(78, 6, '2017-05-02 13:09:43', 4, 'Item \"BULB\" with part number of \"36430-00630\"'),
(79, 6, '2017-05-02 13:09:58', 4, 'Item \"BULB\" with part number of \"36430-00630\"'),
(80, 6, '2017-05-02 13:10:04', 1, 'User has logged out'),
(81, 2, '2017-05-02 13:10:17', 1, 'User has logged in'),
(82, 2, '2017-05-02 13:11:03', 7, 'Updated User Profile'),
(83, 2, '2017-05-02 13:11:25', 1, 'User has logged out'),
(84, 2, '2017-05-02 13:11:53', 1, 'User has logged in'),
(85, 2, '2017-05-02 17:24:36', 1, 'User has logged out'),
(86, 2, '2017-05-03 11:38:24', 1, 'User has logged in'),
(87, 2, '2017-05-03 11:38:24', 1, 'User has logged in'),
(88, 2, '2017-05-03 13:40:30', 1, 'User has logged out'),
(89, 2, '2017-05-10 13:08:36', 1, 'User has logged in'),
(90, 2, '2017-05-10 13:45:50', 1, 'User has logged out'),
(91, 2, '2017-05-10 14:23:15', 1, 'User has logged in'),
(92, 2, '2017-05-10 17:21:02', 1, 'User has logged out'),
(93, 2, '2017-05-17 11:46:41', 1, 'User has logged in'),
(94, 2, '2017-05-17 13:30:57', 1, 'User has logged in'),
(95, 2, '2017-05-17 13:34:09', 1, 'User has logged out'),
(96, 1, '2017-05-17 13:39:28', 1, 'User has logged in'),
(97, 1, '2017-05-17 13:45:54', 1, 'User has logged out'),
(98, 2, '2017-05-17 14:13:34', 1, 'User has logged in'),
(99, 2, '2017-05-17 14:13:59', 1, 'User has logged out'),
(100, 1, '2017-05-17 14:14:31', 1, 'User has logged in'),
(101, 1, '2017-05-17 14:16:48', 1, 'User has logged out'),
(102, 2, '2017-05-17 14:17:00', 1, 'User has logged in'),
(103, 6, '2017-05-17 14:17:19', 1, 'User has logged in'),
(104, 2, '2017-05-17 14:17:48', 1, 'User has logged out'),
(105, 4, '2017-05-17 14:18:09', 1, 'User has logged in'),
(106, 4, '2017-05-17 14:18:36', 7, 'Updated User Profile'),
(107, 2, '2017-05-17 14:19:27', 1, 'User has logged in'),
(108, 6, '2017-05-17 14:19:48', 1, 'User has logged out'),
(109, 2, '2017-05-17 14:20:00', 1, 'User has logged in'),
(110, 6, '2017-05-17 14:25:41', 1, 'User has logged in'),
(111, 6, '2017-05-17 14:30:38', 4, 'Item \"SCREW\" with part number of \"0210-16045\"'),
(112, 6, '2017-05-17 14:30:53', 4, 'Item \"SCREW\" with part number of \"0210-16045\"'),
(113, 6, '2017-05-17 14:35:03', 4, 'Item \"SCREW\" with part number of \"0210-16405\"'),
(114, 6, '2017-05-17 14:35:20', 4, 'Item \"SCREW\" with part number of \"0210-16045\"'),
(115, 6, '2017-05-17 15:31:29', 1, 'User has logged out'),
(116, 6, '2017-05-17 15:35:49', 1, 'User has logged in'),
(117, 6, '2017-05-17 15:36:08', 7, 'Updated User Profile'),
(118, 6, '2017-05-17 15:37:11', 1, 'User has logged out'),
(119, 1, '2017-05-17 15:37:17', 1, 'User has logged in'),
(120, 2, '2017-05-17 15:43:01', 1, 'User has logged out'),
(121, 6, '2017-05-17 15:43:10', 1, 'User has logged in'),
(122, 6, '2017-05-17 15:45:25', 1, 'User has logged out'),
(123, 4, '2017-05-17 15:45:45', 1, 'User has logged in'),
(124, 2, '2017-05-17 15:47:05', 1, 'User has logged in'),
(125, 2, '2017-05-17 16:18:11', 1, 'User has logged out'),
(126, 4, '2017-05-17 16:18:29', 1, 'User has logged in'),
(127, 4, '2017-05-17 16:18:36', 1, 'User has logged out'),
(128, 6, '2017-05-17 16:18:54', 1, 'User has logged in'),
(129, 6, '2017-05-17 16:19:42', 1, 'User has logged out'),
(130, 4, '2017-05-17 16:20:13', 1, 'User has logged in'),
(131, 4, '2017-05-17 16:20:17', 1, 'User has logged out'),
(132, 1, '2017-05-17 16:20:29', 1, 'User has logged in'),
(133, 1, '2017-05-17 16:30:25', 5, 'Removed user \"mark\". User Type: \"SERVICE USER\"'),
(134, 1, '2017-05-17 16:31:25', 1, 'User has logged out'),
(135, 5, '2017-05-17 16:31:33', 1, 'User has logged in'),
(136, 4, '2017-05-17 19:00:50', 1, 'User has logged in'),
(137, 4, '2017-05-17 19:02:05', 1, 'User has logged out'),
(138, 5, '2017-05-17 19:02:13', 1, 'User has logged in'),
(139, 5, '2017-05-17 19:02:58', 8, 'User has logged out'),
(140, 1, '2017-05-17 19:03:04', 1, 'User has logged in'),
(141, 1, '2017-05-17 19:04:44', 1, 'User has logged out'),
(142, 6, '2017-05-17 19:06:20', 1, 'User has logged in'),
(143, 6, '2017-05-17 19:10:41', 4, 'Item \"111111111111\" with part number of \"1111111111111111\"'),
(144, 6, '2017-05-17 19:19:16', 1, 'User has logged out'),
(145, 5, '2017-05-17 19:19:22', 1, 'User has logged in'),
(146, 5, '2017-05-17 06:34:53', 8, 'User has logged out'),
(147, 6, '2017-05-17 06:35:03', 1, 'User has logged in'),
(148, 6, '2017-05-17 06:39:09', 1, 'User has logged out'),
(149, 6, '2017-05-17 06:43:38', 1, 'User has logged in'),
(150, 6, '2017-05-17 06:45:28', 1, 'User has logged out'),
(151, 2, '2017-05-17 06:45:37', 1, 'User has logged in'),
(152, 2, '2017-05-17 06:45:43', 1, 'User has logged out'),
(153, 4, '2017-05-17 06:45:50', 1, 'User has logged in'),
(154, 4, '2017-05-17 06:45:56', 1, 'User has logged out'),
(155, 5, '2017-05-17 06:46:04', 1, 'User has logged in'),
(156, 5, '2017-05-17 06:46:11', 8, 'User has logged out'),
(157, 1, '2017-05-17 06:46:16', 1, 'User has logged in'),
(158, 1, '2017-05-17 07:04:02', 1, 'User has logged out'),
(159, 5, '2017-05-17 07:04:26', 1, 'User has logged in'),
(160, 1, '2017-05-17 15:32:00', 1, 'User has logged in'),
(161, 1, '2017-05-17 15:34:00', 1, 'User has logged out'),
(162, 2, '2017-05-17 15:34:19', 1, 'User has logged in'),
(163, 2, '2017-05-17 15:35:21', 1, 'User has logged out'),
(164, 6, '2017-05-17 15:35:46', 1, 'User has logged in'),
(165, 6, '2017-05-17 15:37:54', 1, 'User has logged out'),
(166, 4, '2017-05-17 15:38:10', 1, 'User has logged in'),
(167, 4, '2017-05-17 15:38:20', 1, 'User has logged out'),
(168, 5, '2017-05-17 15:38:54', 1, 'User has logged in'),
(169, 5, '2017-05-17 15:46:45', 8, 'User has logged out'),
(170, 1, '2017-05-17 15:46:54', 1, 'User has logged in'),
(171, 1, '2017-05-17 15:48:02', 1, 'User has logged out'),
(172, 5, '2017-05-17 15:48:10', 1, 'User has logged in'),
(173, 5, '2017-05-17 15:52:29', 8, 'User has logged out'),
(174, 1, '2017-05-17 15:52:37', 1, 'User has logged in'),
(175, 1, '2017-05-17 16:29:33', 1, 'User has logged out'),
(176, 2, '2017-05-17 16:29:53', 1, 'User has logged in'),
(177, 2, '2017-05-17 16:32:00', 1, 'User has logged out'),
(178, 6, '2017-05-17 16:32:13', 1, 'User has logged in'),
(179, 6, '2017-05-17 16:33:39', 1, 'User has logged out'),
(180, 4, '2017-05-17 16:33:53', 1, 'User has logged in'),
(181, 4, '2017-05-17 16:34:43', 1, 'User has logged out'),
(182, 2, '2017-05-17 16:34:59', 1, 'User has logged in'),
(183, 2, '2017-05-17 17:02:01', 1, 'User has logged out'),
(184, 5, '2017-05-17 17:02:25', 1, 'User has logged in'),
(185, 5, '2017-05-17 17:08:09', 8, 'User has logged out'),
(186, 5, '2017-05-17 17:11:38', 1, 'User has logged in'),
(187, 1, '2017-05-17 18:56:36', 1, 'User has logged in'),
(188, 1, '2017-05-17 18:56:47', 1, 'User has logged out'),
(189, 5, '2017-05-17 18:56:55', 1, 'User has logged in'),
(190, 5, '2017-05-17 18:57:02', 8, 'User has logged out'),
(191, 6, '2017-05-17 18:57:09', 1, 'User has logged in'),
(192, 6, '2017-05-17 18:57:16', 1, 'User has logged out'),
(193, 2, '2017-05-17 18:57:22', 1, 'User has logged in'),
(194, 2, '2017-05-17 18:57:31', 1, 'User has logged out'),
(195, 4, '2017-05-17 18:57:39', 1, 'User has logged in'),
(196, 4, '2017-05-17 18:58:13', 1, 'User has logged out'),
(197, 6, '2017-05-17 18:58:23', 1, 'User has logged in'),
(198, 6, '2017-05-17 18:58:35', 1, 'User has logged out'),
(199, 2, '2017-05-17 18:58:45', 1, 'User has logged in'),
(200, 2, '2017-05-17 18:58:55', 1, 'User has logged out'),
(201, 4, '2017-05-17 18:59:07', 1, 'User has logged in'),
(202, 1, '2017-05-17 20:09:18', 1, 'User has logged in'),
(203, 1, '2017-05-17 20:15:25', 1, 'User has logged in'),
(204, 1, '2017-05-17 20:16:40', 1, 'User has logged out'),
(205, 6, '2017-05-17 20:16:53', 1, 'User has logged in'),
(206, 6, '2017-05-17 20:17:48', 1, 'User has logged out'),
(207, 4, '2017-05-17 20:18:02', 1, 'User has logged in'),
(208, 4, '2017-05-17 20:20:12', 1, 'User has logged out'),
(209, 1, '2017-05-17 20:20:26', 1, 'User has logged in'),
(210, 1, '2017-05-17 20:21:00', 1, 'User has logged out'),
(211, 6, '2017-05-17 20:21:17', 1, 'User has logged in'),
(212, 6, '2017-05-17 20:22:40', 1, 'User has logged out'),
(213, 4, '2017-05-17 20:22:57', 1, 'User has logged in'),
(214, 4, '2017-05-17 20:24:51', 1, 'User has logged out'),
(215, 4, '2017-05-17 20:25:26', 1, 'User has logged in'),
(216, 4, '2017-05-17 20:27:27', 1, 'User has logged out'),
(217, 2, '2017-05-17 20:27:40', 1, 'User has logged in'),
(218, 2, '2017-05-17 20:29:49', 1, 'User has logged out'),
(219, 6, '2017-05-17 20:30:03', 1, 'User has logged in'),
(220, 6, '2017-05-17 20:31:14', 1, 'User has logged out'),
(221, 4, '2017-05-17 20:31:27', 1, 'User has logged in'),
(222, 4, '2017-05-17 20:33:11', 1, 'User has logged out'),
(223, 1, '2017-05-17 20:33:23', 1, 'User has logged in'),
(224, 1, '2017-05-17 20:34:09', 1, 'User has logged out'),
(225, 6, '2017-05-17 20:34:25', 1, 'User has logged in'),
(226, 6, '2017-05-17 20:40:53', 1, 'User has logged out'),
(227, 1, '2017-05-17 20:41:03', 1, 'User has logged in'),
(228, 1, '2017-05-17 20:41:34', 1, 'User has logged out'),
(229, 6, '2017-05-17 20:41:50', 1, 'User has logged in'),
(230, 6, '2017-05-17 20:42:35', 1, 'User has logged out'),
(231, 4, '2017-05-17 20:42:48', 1, 'User has logged in'),
(232, 4, '2017-05-17 20:44:07', 1, 'User has logged out'),
(233, 1, '2017-05-17 20:44:21', 1, 'User has logged in'),
(234, 1, '2017-05-17 20:45:15', 1, 'User has logged out'),
(235, 2, '2017-05-17 20:45:27', 1, 'User has logged in'),
(236, 2, '2017-05-17 20:47:00', 1, 'User has logged out'),
(237, 4, '2017-05-17 20:48:45', 1, 'User has logged in'),
(238, 4, '2017-05-17 20:52:56', 1, 'User has logged out'),
(239, 1, '2017-05-17 20:53:10', 1, 'User has logged in'),
(240, 1, '2017-05-17 20:53:45', 1, 'User has logged out'),
(241, 6, '2017-05-17 20:54:02', 1, 'User has logged in'),
(242, 6, '2017-05-17 20:55:12', 1, 'User has logged out'),
(243, 2, '2017-05-17 20:55:27', 1, 'User has logged in'),
(244, 2, '2017-05-17 20:56:08', 1, 'User has logged out'),
(245, 1, '2017-05-17 20:56:26', 1, 'User has logged in'),
(246, 1, '2017-05-17 20:57:23', 1, 'User has logged out'),
(247, 6, '2017-05-17 20:57:36', 1, 'User has logged in'),
(248, 6, '2017-05-17 20:58:21', 1, 'User has logged out'),
(249, 2, '2017-05-17 20:59:02', 1, 'User has logged in'),
(250, 2, '2017-05-17 20:59:09', 1, 'User has logged out'),
(251, 2, '2017-05-17 20:59:27', 1, 'User has logged in'),
(252, 2, '2017-05-17 20:59:43', 1, 'User has logged out'),
(253, 4, '2017-05-17 20:59:59', 1, 'User has logged in'),
(254, 4, '2017-05-17 21:01:14', 1, 'User has logged out'),
(255, 1, '2017-05-17 21:01:25', 1, 'User has logged in'),
(256, 1, '2017-05-17 21:01:53', 1, 'User has logged out'),
(257, 2, '2017-05-17 21:02:08', 1, 'User has logged in'),
(258, 2, '2017-05-17 21:02:53', 1, 'User has logged out'),
(259, 4, '2017-05-17 21:03:07', 1, 'User has logged in'),
(260, 4, '2017-05-17 21:04:22', 1, 'User has logged out'),
(261, 1, '2017-05-17 21:04:36', 1, 'User has logged in'),
(262, 1, '2017-05-17 21:04:58', 1, 'User has logged out'),
(263, 2, '2017-05-17 21:05:12', 1, 'User has logged in'),
(264, 1, '2017-05-18 10:13:59', 1, 'User has logged in'),
(265, 1, '2017-05-18 10:30:29', 1, 'User has logged in'),
(266, 1, '2017-05-18 10:41:01', 7, 'Updated Another User Profile'),
(267, 1, '2017-05-18 10:41:14', 7, 'Updated Another User Profile'),
(268, 1, '2017-05-18 10:41:48', 1, 'User has logged out'),
(269, 6, '2017-05-18 10:42:00', 1, 'User has logged in'),
(270, 6, '2017-05-18 10:42:49', 1, 'User has logged out'),
(271, 1, '2017-05-18 10:43:10', 1, 'User has logged in'),
(272, 1, '2017-05-18 10:43:31', 1, 'User has logged out'),
(273, 6, '2017-05-18 10:43:41', 1, 'User has logged in'),
(274, 6, '2017-05-18 10:44:02', 1, 'User has logged out'),
(275, 2, '2017-05-18 10:44:19', 1, 'User has logged in'),
(276, 2, '2017-05-18 10:45:14', 1, 'User has logged out'),
(277, 1, '2017-05-18 10:45:22', 1, 'User has logged in'),
(278, 1, '2017-05-18 10:46:24', 1, 'User has logged out'),
(279, 6, '2017-05-18 10:46:34', 1, 'User has logged in'),
(280, 6, '2017-05-18 10:47:45', 1, 'User has logged out'),
(281, 1, '2017-05-18 10:47:52', 1, 'User has logged in'),
(282, 1, '2017-05-18 10:48:12', 1, 'User has logged out'),
(283, 4, '2017-05-18 10:49:13', 1, 'User has logged in'),
(284, 4, '2017-05-18 10:50:23', 1, 'User has logged out'),
(285, 1, '2017-05-18 10:50:33', 1, 'User has logged in'),
(286, 1, '2017-05-18 10:51:09', 1, 'User has logged out'),
(287, 4, '2017-05-18 10:51:26', 1, 'User has logged in'),
(288, 4, '2017-05-18 10:53:06', 1, 'User has logged out'),
(289, 1, '2017-05-18 10:53:14', 1, 'User has logged in'),
(290, 1, '2017-05-18 10:53:51', 1, 'User has logged out'),
(291, 6, '2017-05-18 10:53:59', 1, 'User has logged in'),
(292, 6, '2017-05-18 10:54:31', 1, 'User has logged out'),
(293, 4, '2017-05-18 10:54:40', 1, 'User has logged in'),
(294, 4, '2017-05-18 10:55:22', 1, 'User has logged out'),
(295, 1, '2017-05-18 10:55:29', 1, 'User has logged in'),
(296, 1, '2017-05-18 10:56:42', 1, 'User has logged out'),
(297, 2, '2017-05-18 10:56:50', 1, 'User has logged in'),
(298, 2, '2017-05-18 10:57:19', 1, 'User has logged out'),
(299, 4, '2017-05-18 10:57:29', 1, 'User has logged in'),
(300, 1, '2017-05-18 10:57:38', 1, 'User has logged out'),
(301, 1, '2017-05-18 10:58:16', 1, 'User has logged in'),
(302, 4, '2017-05-18 10:58:26', 1, 'User has logged out'),
(303, 1, '2017-05-18 10:58:33', 1, 'User has logged in'),
(304, 1, '2017-05-18 11:00:01', 1, 'User has logged out'),
(305, 2, '2017-05-18 11:00:16', 1, 'User has logged in'),
(306, 1, '2017-05-18 11:00:36', 1, 'User has logged out'),
(307, 2, '2017-05-18 11:00:44', 1, 'User has logged in'),
(308, 2, '2017-05-18 11:01:43', 1, 'User has logged out'),
(309, 4, '2017-05-18 11:01:52', 1, 'User has logged in'),
(310, 4, '2017-05-18 11:03:09', 1, 'User has logged out'),
(311, 1, '2017-05-18 11:03:17', 1, 'User has logged in'),
(312, 1, '2017-05-18 11:04:52', 1, 'User has logged out'),
(313, 6, '2017-05-18 11:05:01', 1, 'User has logged in'),
(314, 6, '2017-05-18 11:05:25', 1, 'User has logged out'),
(315, 4, '2017-05-18 11:05:48', 1, 'User has logged in'),
(316, 4, '2017-05-18 11:06:50', 1, 'User has logged out'),
(317, 1, '2017-05-18 11:06:59', 1, 'User has logged in'),
(318, 1, '2017-05-18 11:07:57', 1, 'User has logged out'),
(319, 4, '2017-05-18 11:08:09', 1, 'User has logged in'),
(320, 4, '2017-05-18 11:08:47', 1, 'User has logged out'),
(321, 1, '2017-05-18 11:08:55', 1, 'User has logged in'),
(322, 1, '2017-05-18 11:09:27', 1, 'User has logged out'),
(323, 4, '2017-05-18 11:09:33', 1, 'User has logged in'),
(324, 4, '2017-05-18 11:09:54', 1, 'User has logged out'),
(325, 1, '2017-05-18 11:10:00', 1, 'User has logged in'),
(326, 1, '2017-05-18 11:10:55', 1, 'User has logged out'),
(327, 4, '2017-05-18 11:11:12', 1, 'User has logged in'),
(328, 4, '2017-05-18 11:11:37', 1, 'User has logged out'),
(329, 1, '2017-05-18 11:11:44', 1, 'User has logged in'),
(330, 1, '2017-05-18 11:28:03', 1, 'User has logged in'),
(331, 2, '2017-05-18 12:18:05', 1, 'User has logged out'),
(332, 6, '2017-05-18 12:18:16', 1, 'User has logged in'),
(333, 6, '2017-05-18 12:18:48', 1, 'User has logged out'),
(334, 2, '2017-05-18 12:51:58', 1, 'User has logged in'),
(335, 2, '2017-05-18 13:25:49', 1, 'User has logged out'),
(336, 1, '2017-05-18 13:25:54', 1, 'User has logged in'),
(337, 1, '2017-05-18 13:28:19', 1, 'User has logged out'),
(338, 2, '2017-05-18 13:28:27', 1, 'User has logged in'),
(339, 2, '2017-05-18 13:32:08', 1, 'User has logged out'),
(340, 1, '2017-05-18 13:32:18', 1, 'User has logged in'),
(341, 1, '2017-05-18 13:35:35', 1, 'User has logged out'),
(342, 2, '2017-05-18 13:35:53', 1, 'User has logged in'),
(343, 2, '2017-05-18 13:37:15', 1, 'User has logged out'),
(344, 2, '2017-05-18 13:48:01', 1, 'User has logged in'),
(345, 2, '2017-05-18 13:48:15', 1, 'User has logged out'),
(346, 2, '2017-05-18 13:48:44', 1, 'User has logged in'),
(347, 2, '2017-05-18 13:48:51', 1, 'User has logged out'),
(348, 2, '2017-05-18 13:49:02', 1, 'User has logged in'),
(349, 2, '2017-05-18 14:14:21', 1, 'User has logged out'),
(350, 2, '2017-05-18 14:26:14', 1, 'User has logged in'),
(351, 1, '2017-05-18 15:25:49', 1, 'User has logged in'),
(352, 4, '2017-05-18 15:32:02', 1, 'User has logged in'),
(353, 2, '2017-05-19 08:18:16', 1, 'User has logged in'),
(354, 2, '2017-05-19 08:23:10', 1, 'User has logged out'),
(355, 1, '2017-05-19 08:23:27', 1, 'User has logged in'),
(356, 1, '2017-05-19 08:41:23', 1, 'User has logged in'),
(357, 4, '2017-05-19 20:38:19', 1, 'User has logged in'),
(358, 4, '2017-05-19 20:38:24', 1, 'User has logged in'),
(359, 4, '2017-05-19 20:44:07', 1, 'User has logged out'),
(360, 1, '2017-05-19 20:44:20', 1, 'User has logged in'),
(361, 1, '2017-05-19 20:47:04', 7, 'Updated User Profile'),
(362, 1, '2017-05-19 20:50:23', 1, 'User has logged out'),
(363, 2, '2017-05-19 20:51:25', 1, 'User has logged in'),
(364, 2, '2017-05-20 20:16:45', 1, 'User has logged in'),
(365, 6, '2017-05-22 12:15:12', 1, 'User has logged in'),
(366, 6, '2017-05-22 16:09:38', 1, 'User has logged out'),
(367, 4, '2017-05-22 16:10:03', 1, 'User has logged in'),
(368, 4, '2017-05-22 16:10:47', 1, 'User has logged out'),
(369, 6, '2017-05-22 16:11:03', 1, 'User has logged in'),
(370, 6, '2017-05-22 23:07:23', 1, 'User has logged in'),
(371, 6, '2017-05-23 19:16:50', 1, 'User has logged out'),
(372, 4, '2017-05-23 19:16:57', 1, 'User has logged in'),
(373, 4, '2017-05-23 19:17:04', 1, 'User has logged out'),
(374, 2, '2017-05-23 19:17:18', 1, 'User has logged in'),
(375, 2, '2017-05-23 19:17:47', 1, 'User has logged out'),
(376, 6, '2017-05-23 19:17:53', 1, 'User has logged in'),
(377, 6, '2017-05-23 19:27:02', 1, 'User has logged out'),
(378, 2, '2017-05-23 19:27:10', 1, 'User has logged in'),
(379, 2, '2017-05-23 19:27:17', 1, 'User has logged out'),
(380, 4, '2017-05-23 19:27:25', 1, 'User has logged in'),
(381, 4, '2017-05-23 19:27:31', 1, 'User has logged out'),
(382, 2, '2017-05-23 19:27:39', 1, 'User has logged in'),
(383, 2, '2017-05-23 19:34:26', 1, 'User has logged out'),
(384, 6, '2017-05-23 19:35:45', 1, 'User has logged in'),
(385, 6, '2017-05-24 20:12:02', 1, 'User has logged in'),
(386, 6, '2017-05-25 17:21:28', 1, 'User has logged in'),
(387, 2, '2017-05-27 15:12:37', 1, 'User has logged in');

-- --------------------------------------------------------

--
-- Table structure for table `tbl_activity_type`
--

CREATE TABLE `tbl_activity_type` (
  `activityType_id` int(11) NOT NULL,
  `activityType` varchar(30) COLLATE utf8mb4_unicode_ci NOT NULL
) ENGINE=InnoDB DEFAULT CHARSET=utf8mb4 COLLATE=utf8mb4_unicode_ci;

--
-- Dumping data for table `tbl_activity_type`
--

INSERT INTO `tbl_activity_type` (`activityType_id`, `activityType`) VALUES
(1, 'SYSTEM ACCESS'),
(2, 'ADD'),
(3, 'UPDATE'),
(4, 'DELETE'),
(5, 'MAINTENANCE'),
(6, 'PAGE ACCESS'),
(7, 'ACCOUNT SETTINGS');

-- --------------------------------------------------------

--
-- Table structure for table `tbl_department`
--

CREATE TABLE `tbl_department` (
  `dept_id` int(11) NOT NULL,
  `departmentName` varchar(60) COLLATE utf8mb4_unicode_ci NOT NULL
) ENGINE=InnoDB DEFAULT CHARSET=utf8mb4 COLLATE=utf8mb4_unicode_ci COMMENT='Nichiyu Asialift Departments';

--
-- Dumping data for table `tbl_department`
--

INSERT INTO `tbl_department` (`dept_id`, `departmentName`) VALUES
(1, 'Warehouse'),
(2, 'Service'),
(3, 'Accounting');

-- --------------------------------------------------------

--
-- Table structure for table `tbl_item`
--

CREATE TABLE `tbl_item` (
  `item_id` int(11) NOT NULL,
  `timestamp` datetime NOT NULL DEFAULT CURRENT_TIMESTAMP,
  `partNumber` varchar(60) COLLATE utf8mb4_unicode_ci NOT NULL,
  `description` varchar(60) COLLATE utf8mb4_unicode_ci NOT NULL,
  `boxNumber` varchar(60) COLLATE utf8mb4_unicode_ci NOT NULL DEFAULT 'N/A',
  `minStockCount` int(11) NOT NULL,
  `status` int(11) NOT NULL DEFAULT '0' COMMENT '1 = delete',
  `dept_id` int(11) NOT NULL COMMENT 'item department'
) ENGINE=InnoDB DEFAULT CHARSET=utf8mb4 COLLATE=utf8mb4_unicode_ci ROW_FORMAT=COMPACT;

--
-- Dumping data for table `tbl_item`
--

INSERT INTO `tbl_item` (`item_id`, `timestamp`, `partNumber`, `description`, `boxNumber`, `minStockCount`, `status`, `dept_id`) VALUES
(4, '2017-05-02 10:31:31', '36430-00630', 'BULB', 'N/A', 15, 1, 3),
(5, '2017-05-02 10:44:15', '36430-00630', 'LIGHT BULB', '6', 15, 1, 2),
(6, '2017-05-02 11:08:08', '0000-00008', 'NUT', 'N/A', 10, 1, 3),
(8, '2017-05-02 15:34:10', '0000-00008', 'NUT', 'N/A', 5, 1, 3),
(9, '2017-05-02 15:34:10', '0000-00008', 'NUT', 'N/A', 5, 0, 3),
(10, '2017-05-02 15:37:26', '0000-00010', 'NUT', 'N/A', 5, 0, 3),
(11, '2017-05-02 15:38:49', '00001-00005', 'PIN SNAP', 'N/A', 5, 0, 3),
(12, '2017-05-02 15:43:10', '0000-10005', 'NUT LOCK', 'N/A', 5, 1, 3),
(13, '2017-05-02 15:43:10', '0000-10005', 'NUT LOCK', 'N/A', 5, 0, 3),
(14, '2017-05-02 15:44:21', '0000-10016', 'NUT', 'N/A', 5, 0, 3),
(15, '2017-05-02 15:45:53', '0000-13008', 'NUT LOCK', 'N/A', 5, 0, 3),
(16, '2017-05-02 15:48:21', '0000-20012', 'NUT', 'N/A', 5, 0, 3),
(17, '2017-05-02 15:49:37', '0000-20016', 'NUT', 'N/A', 5, 0, 3),
(18, '2017-05-02 15:51:21', '0000-20024', 'NUT', 'N/A', 5, 0, 3),
(19, '2017-05-02 15:51:21', '0000-20024', 'NUT', 'N/A', 5, 0, 3),
(20, '2017-05-02 15:54:30', '0000-30012', 'NUT LOCK', 'N/A', 5, 0, 3),
(21, '2017-05-02 15:55:22', '0000-30016', 'NUT LOCK', 'N/A', 5, 0, 3),
(22, '2017-05-02 15:56:33', '0000-30920', 'NUT LOCK', 'N/A', 5, 0, 3),
(23, '2017-05-02 16:00:52', '0000-30922', 'NUT LOCK', 'N/A', 5, 0, 3),
(24, '2017-05-02 16:02:52', '0000-70003', 'WASHER, SPRING', 'N/A', 5, 0, 3),
(25, '2017-05-02 16:03:54', '0000-70008', 'WASHER, SPRING', 'N/A', 5, 0, 3),
(26, '2017-05-02 16:06:51', '0000-70016', 'WASHER, SPRING', 'N/A', 5, 0, 3),
(27, '2017-05-02 16:10:20', '0000-72008', 'WASHER', 'N/A', 5, 0, 3),
(28, '2017-05-02 16:14:51', '0000-72020', 'WASHER', 'N/A', 5, 0, 3),
(29, '2017-05-02 16:24:43', '0000-72024', 'WASHER', 'N/A', 5, 0, 3),
(30, '2017-05-02 16:27:35', '0000-73012', 'WASHER', 'N/A', 5, 0, 3),
(31, '2017-05-02 16:30:20', '0000-80008', 'WASHER-TOOTHED', 'N/A', 5, 0, 3),
(32, '2017-05-02 16:31:51', '0000-84062', 'RING SNAP', 'N/A', 5, 1, 3),
(33, '2017-05-02 16:31:51', '0000-84062', 'RING SNAP', 'N/A', 5, 0, 3),
(34, '2017-05-02 16:39:32', '0000-85055', 'RING SNAP', 'N/A', 5, 0, 3),
(35, '2017-05-02 16:42:05', '0000-85072', 'RING SNAP', 'N/A', 5, 1, 3),
(36, '2017-05-02 16:42:05', '0000-85072', 'RING SNAP', 'N/A', 5, 0, 3),
(37, '2017-05-02 16:44:55', '0000-86022', 'WASHER', 'N/A', 5, 0, 3),
(38, '2017-05-02 16:46:08', '0000-88012', 'RING SNAP', 'N/A', 5, 0, 3),
(39, '2017-05-02 16:47:37', '0006-60004', 'PLUG', 'N/A', 5, 0, 3),
(40, '2017-05-02 16:50:08', '0010-06010', 'BOLT', 'N/A', 5, 0, 3),
(41, '2017-05-02 16:51:07', '0010-06045', 'BOLT', 'N/A', 5, 0, 3),
(42, '2017-05-02 16:52:36', '0010-08016', 'BOLT GUIDER', 'N/A', 5, 1, 3),
(43, '2017-05-02 16:52:36', '0010-08016', 'BOLT GUIDER', 'N/A', 5, 1, 3),
(44, '2017-05-02 16:55:45', '0016-04010', 'BOLT', 'N/A', 5, 0, 3),
(45, '2017-05-02 17:03:41', '0016-06016', 'BOLT', 'N/A', 5, 0, 3),
(46, '2017-05-02 17:07:27', '0017-08020', 'BOLT, SET', 'N/A', 5, 0, 3),
(47, '2017-05-02 17:09:19', '0018-08025', 'BOLT', 'N/A', 5, 0, 3),
(48, '2017-05-03 11:46:45', '0020-10020', 'BOLT', 'N/A', 5, 0, 3),
(49, '2017-05-03 11:50:52', '0020-10025', 'BOLT', 'N/A', 5, 0, 3),
(50, '2017-05-03 13:05:52', '0020-12020', 'BOLT', 'N/A', 5, 0, 3),
(51, '2017-05-03 13:07:20', '0020-12025', 'BOLT', 'N/A', 5, 0, 3),
(52, '2017-05-03 13:09:54', '0020-12030', 'BOLT', 'N/A', 5, 0, 3),
(53, '2017-05-03 13:11:50', '0020-12070', 'BOLT', 'N/A', 5, 1, 3),
(54, '2017-05-03 13:11:50', '0020-12070', 'BOLT', 'N/A', 5, 0, 3),
(55, '2017-05-03 13:13:20', '0020-16025', 'BOLT', 'N/A', 5, 0, 3),
(56, '2017-05-03 13:14:37', '0020-16030', 'BOLT', 'N/A', 5, 0, 3),
(57, '2017-05-03 13:17:45', '0020-16045', 'BOLT', 'N/A', 5, 0, 3),
(58, '2017-05-03 13:19:08', '0020-16050', 'BOLT', 'N/A', 5, 0, 3),
(59, '2017-05-03 13:20:21', '0022-10030', 'BOLT', 'N/A', 5, 0, 3),
(60, '2017-05-03 13:22:50', '0022-12020', 'BOLT SET', 'N/A', 5, 0, 3),
(61, '2017-05-03 13:24:14', '0022-12025', 'BOLT', 'N/A', 5, 0, 3),
(62, '2017-05-03 13:27:01', '0022-12030', 'BOLT', 'N/A', 5, 0, 3),
(63, '2017-05-03 13:28:29', '0024-12030', 'BOLT', 'N/A', 5, 0, 3),
(64, '2017-05-03 13:31:35', '0024-16035', 'BOLT', 'N/A', 5, 0, 3),
(65, '2017-05-03 13:32:43', '0025-10016', 'BOLT', 'N/A', 5, 0, 3),
(67, '2017-05-10 14:33:03', '00403-00008', 'END, ROD', 'N/A', 5, 1, 3),
(68, '2017-05-10 14:34:24', '00403-00008', 'END, ROD', 'N/A', 5, 0, 3),
(69, '2017-05-10 14:36:12', '0070-03006', 'SCREW', 'N/A', 5, 0, 3),
(70, '2017-05-10 14:37:19', '0078-05020', 'SCREW', 'N/A', 5, 0, 3),
(71, '2017-05-10 14:38:39', '00-P-2409', 'FB20-30P-70S', 'N/A', 2, 0, 3),
(72, '2017-05-10 14:39:42', '0210-04010', 'SCREW', 'N/A', 5, 0, 3),
(73, '2017-05-10 14:40:41', '0210-08012', 'SCREW', 'N/A', 5, 0, 3),
(74, '2017-05-10 14:41:46', '0210-10030', 'SCREW', 'N/A', 5, 0, 3),
(75, '2017-05-10 14:43:08', '0210-16035', 'SCREW', 'N/A', 5, 0, 3),
(76, '2017-05-10 14:44:29', '0210-16045', 'SCREW', 'N/A', 5, 0, 3),
(77, '2017-05-10 14:45:19', '0210-16045', 'SCREW', 'N/A', 5, 1, 3),
(78, '2017-05-10 14:47:13', '0280-10010', 'NIPPLE-GREASE', 'N/A', 5, 0, 3),
(79, '2017-05-10 14:49:04', '0280-11010', 'NIPPLE GREASE', 'N/A', 5, 0, 3),
(80, '2017-05-10 15:48:15', '0010-08016', 'BOLT', 'N/A', 5, 0, 3),
(81, '2017-05-17 14:21:23', '0010-08016', 'BOLT', 'N/A', 5, 0, 4),
(82, '2017-05-17 14:22:55', '0280-11010', 'NIPPLE GREASE', 'N/A', 5, 0, 4),
(83, '2017-05-17 14:23:52', '0210-16045', 'SCREW', 'N/A', 5, 0, 4),
(84, '2017-05-17 14:24:36', '0280-11010', 'NIPPLE GREASE', '8', 5, 0, 2),
(85, '2017-05-17 14:25:34', '0280-10010', 'NIPPLE GREASE', 'N/A', 5, 0, 4),
(86, '2017-05-17 14:26:50', '0210-16035', 'SCREW', 'N/A', 5, 0, 4),
(87, '2017-05-17 14:27:26', '0210-10030', 'SCREW', 'N/A', 5, 0, 4),
(88, '2017-05-17 14:27:48', '0280-10010', 'NIPPLE-GREASE', '6', 5, 0, 2),
(89, '2017-05-17 14:28:11', '0210-08012', 'SCREW', 'N/A', 5, 0, 4),
(90, '2017-05-17 14:29:26', '0210-16045', 'SCREW', '4', 5, 0, 2),
(91, '2017-05-17 14:30:08', '0210-16405', 'SCREW', '4', 5, 0, 2),
(92, '2017-05-17 14:30:19', '0210-04010', 'SCREW', 'N/A', 5, 0, 4),
(93, '2017-05-17 14:32:02', '00-P-2409', 'FB20-30P-70S', 'N/A', 2, 1, 4),
(94, '2017-05-17 14:32:16', '0210-16035', 'SCREW', '4', 5, 0, 2),
(95, '2017-05-17 14:32:33', '0078-05020', 'SCREW', 'N/A', 5, 0, 4),
(96, '2017-05-17 14:32:48', '0210-10030', 'SCREW', '4', 5, 0, 2),
(97, '2017-05-17 14:32:52', '0070-03006', 'SCREW', 'N/A', 5, 0, 4),
(98, '2017-05-17 14:33:11', '0210-08012', 'SCREW', '6', 5, 0, 2),
(99, '2017-05-17 14:33:19', '00403-00008', 'END, ROD', 'N/A', 5, 0, 4),
(100, '2017-05-17 14:33:39', '0025-10016', 'BOLT', 'N/A', 5, 0, 4),
(101, '2017-05-17 14:34:00', '0210-04010', 'SCREW', '3', 5, 0, 2),
(102, '2017-05-17 14:34:25', '0024-16035', 'BOLT', 'N/A', 5, 0, 4),
(103, '2017-05-17 14:34:54', '0022-12030', 'BOLT', 'N/A', 5, 0, 4),
(104, '2017-05-17 14:35:23', '0022-12025', 'BOLT', 'N/A', 5, 0, 4),
(105, '2017-05-17 14:35:49', '0022-12020', 'BOLT SET', 'N/A', 5, 0, 4),
(106, '2017-05-17 14:36:16', '0022-10030', 'BOLT', 'N/A', 5, 0, 4),
(107, '2017-05-17 14:36:43', '00-P-2409', 'FB20-30P-70S', '6', 2, 0, 2),
(108, '2017-05-17 14:36:43', '0020-16050', 'BOLT', 'N/A', 5, 0, 4),
(109, '2017-05-17 14:37:08', '0020-16045', 'BOLT', 'N/A', 5, 0, 4),
(110, '2017-05-17 14:37:12', '0078-05020', 'SCREW', '6', 5, 0, 2),
(111, '2017-05-17 14:37:35', '0020-16030', 'BOLT', 'N/A', 5, 0, 4),
(112, '2017-05-17 14:37:45', '0070-03006', 'SCREW', '7', 5, 0, 2),
(113, '2017-05-17 14:37:57', '0020-16025', 'BOLT', 'N/A', 5, 0, 4),
(114, '2017-05-17 14:38:15', '0000-00008', 'NUT', '8', 5, 0, 2),
(115, '2017-05-17 14:38:19', '0020-12070', 'BOLT', 'N/A', 5, 0, 4),
(116, '2017-05-17 14:39:02', '0025-10000', 'BOLT', '2', 5, 0, 2),
(117, '2017-05-17 14:39:48', '0024-16035', 'BOLT', '9', 5, 0, 2),
(118, '2017-05-17 14:40:47', '0024-12030', 'BOLT', '7', 5, 0, 2),
(119, '2017-05-17 14:41:26', '0022-12030', 'BOLT', '5', 5, 0, 2),
(120, '2017-05-17 14:41:56', '0022-12025', 'BOLT', '4', 5, 0, 2),
(121, '2017-05-17 14:42:39', '0022-12020', 'BOLT SET', '3', 5, 0, 2),
(122, '2017-05-17 14:42:59', '0022-10030', 'BOLT', '3', 5, 0, 2),
(123, '2017-05-17 14:43:32', '0020-16050', 'BOLT', '45', 5, 0, 2),
(124, '2017-05-17 14:44:06', '0020-16045', 'BOLT', '2', 5, 0, 2),
(125, '2017-05-17 14:44:30', '0020-16030', 'BOLT', '4', 5, 0, 2),
(126, '2017-05-17 14:44:57', '0020-16025', 'BOLT', '35', 5, 0, 2),
(127, '2017-05-17 14:45:25', '0020-12070', 'BOLT', '65', 5, 0, 2),
(128, '2017-05-17 14:45:56', '0020-12030', 'BOLT', '78', 5, 0, 2),
(129, '2017-05-17 14:46:34', '0020-12025', 'BOLT', '3', 5, 0, 2),
(130, '2017-05-17 14:47:47', '0020-12020', 'BOLT', '3', 5, 0, 2),
(131, '2017-05-17 14:48:29', '0020-10025', 'BOLT', '45', 5, 0, 2),
(132, '2017-05-17 14:48:57', '0020-10020', 'BOLT', '34', 5, 0, 2),
(133, '2017-05-17 14:49:19', '0018-08025', 'BOLT', '69', 5, 0, 2),
(134, '2017-05-17 14:49:52', '0017-08020', 'BOLT, SET', '4', 5, 0, 2),
(135, '2017-05-17 14:50:45', '0016-06016', 'BOLT', '7', 5, 0, 2),
(136, '2017-05-17 14:51:05', '0016-04010', 'BOLT', '8', 5, 0, 2),
(137, '2017-05-17 14:51:30', '0010-06045', 'BOLT', '1', 5, 0, 2),
(138, '2017-05-17 14:51:58', '0010-06010', 'BOLT', '3', 5, 0, 2),
(139, '2017-05-17 14:52:28', '0006-60004', 'PLUG', '34', 5, 0, 2),
(140, '2017-05-17 14:52:52', '0000-88012', 'RING SNAP', '9', 5, 0, 2),
(141, '2017-05-17 14:53:16', '0000-86022', 'WASHER', '67', 5, 0, 2),
(142, '2017-05-17 14:53:52', '0000-85072', 'RING SNAP', '2', 6, 0, 2),
(143, '2017-05-17 14:54:39', '0000-85055', 'RING SNAP', '8', 9, 0, 2),
(144, '2017-05-17 14:55:03', '0000-84062', 'RING SNAP', '2', 6, 0, 2),
(145, '2017-05-17 14:55:59', '0000-80008', 'WASHER-TOOTHED', '54', 6, 0, 2),
(146, '2017-05-17 14:56:33', '0000-73012', 'WASHER', '5', 5, 0, 2),
(147, '2017-05-17 14:56:56', '0000-72024', 'WASHER', '9', 4, 0, 2),
(148, '2017-05-17 14:57:42', '0000-72020', 'WASHER', '2', 5, 0, 2),
(149, '2017-05-17 14:58:12', '0000-72008', 'WASHER', '78', 6, 0, 2),
(150, '2017-05-17 14:58:39', '0000-70016', 'WASHER, SPRING', '8', 6, 0, 2),
(151, '2017-05-17 14:59:09', '0000-70008', 'WASHER, SPRING', '9', 4, 0, 2),
(152, '2017-05-17 14:59:40', '0000-30922', 'NUT LOCK', '8', 5, 0, 2),
(153, '2017-05-17 15:00:06', '0000-30920', 'NUT LOCK', '6', 6, 0, 2),
(154, '2017-05-17 15:00:30', '0000-30016', 'NUT LOCK', '9', 7, 0, 2),
(155, '2017-05-17 15:00:55', '0000-30012', 'NUT LOCK', '9', 4, 0, 2),
(156, '2017-05-17 15:01:16', '0000-20024', 'NUT', '8', 5, 0, 2),
(157, '2017-05-17 15:01:44', '0000-20016', 'NUT', '3', 5, 0, 2),
(158, '2017-05-17 15:02:20', '0000-20012', 'NUT', '6', 7, 0, 2),
(159, '2017-05-17 15:02:50', '0000-13008', 'NUT LOCK', '8', 5, 0, 2),
(160, '2017-05-17 15:03:14', '0000-10016', 'NUT', '6', 5, 0, 2),
(161, '2017-05-17 15:03:45', '0000-10005', 'NUT LOCK', '54', 6, 0, 2),
(162, '2017-05-17 15:04:12', '00001-00006', 'PIN SNAP', '4', 4, 0, 2),
(163, '2017-05-17 15:04:31', '0000-00010', 'NUT', '2', 5, 0, 2),
(164, '2017-05-17 15:06:44', '1911-59008', 'DIODE', 'N/A', 5, 0, 4),
(165, '2017-05-17 15:08:48', '70000-15580', 'EPS MOTOR', 'N/A', 5, 0, 4),
(166, '2017-05-17 15:54:13', '0010-06011', 'BOLT', 'N/A', 5, 0, 3),
(167, '2017-05-17 19:10:33', '1111111111111111', '111111111111', '11111111111111', 2147483647, 1, 2),
(168, '2017-05-17 06:36:03', '2222', '22222', '2222', 222, 1, 2),
(169, '2017-05-17 20:19:27', '00-P-2409', 'FB20-30P-70S', 'N/A', 2, 0, 4),
(170, '2017-05-17 20:24:02', '0000-00008', 'NUT', 'N/A', 5, 0, 4),
(171, '2017-05-17 20:26:25', '0000-10016', 'NUT', 'N/A', 5, 0, 4),
(172, '2017-05-17 20:32:08', '0000-20016', 'NUT', 'N/A', 5, 0, 4),
(173, '2017-05-17 20:43:36', '0000-10005', 'NUT LOCK', 'N/A', 5, 0, 4),
(174, '2017-05-17 20:52:11', '0000-20012', 'NUT', 'N/A', 5, 0, 4),
(175, '2017-05-17 21:00:31', '0000-20024', 'NUT', 'N/A', 5, 0, 4),
(176, '2017-05-17 21:03:42', '0000-30012', 'NUT LOCK', 'N/A', 5, 0, 4),
(177, '2017-05-18 10:42:30', '70000-15580', 'EPS MOTOR', '8', 5, 0, 2),
(178, '2017-05-18 10:44:43', '70000-15580', 'EPS MOTOR', 'N/A', 5, 0, 3),
(179, '2017-05-18 10:47:06', '0000-70003', 'WASHER, SPRING', '9', 5, 0, 2),
(180, '2017-05-18 10:49:51', '0000-70003', 'WASHER, SPRING', 'N/A', 5, 0, 4),
(181, '2017-05-18 10:51:47', '0000-70016', 'WASHER, SPRING', 'N/A', 5, 0, 4),
(182, '2017-05-18 10:54:59', '0000-72020', 'WASHER, SPRING', 'N/A', 5, 0, 4),
(183, '2017-05-18 10:58:00', '0000-86022', 'WASHER', 'N/A', 5, 0, 4),
(184, '2017-05-18 11:02:11', '0000-85072', 'RING SNAP', 'N/A', 5, 0, 4),
(185, '2017-05-18 11:06:22', '0000-72008', 'WASHER', 'N/A', 5, 0, 4),
(186, '2017-05-18 11:08:33', '0000-80008', 'WASHER-TOOTHED', 'N/A', 5, 0, 4),
(187, '2017-05-18 11:09:44', '0000-13008', 'NUT LOCK', 'N/A', 5, 0, 4),
(188, '2017-05-18 12:55:58', '36430-00620', 'BULB', 'N/A', 5, 1, 3),
(189, '2017-05-18 14:27:30', '36430-00620', 'BULB', 'N/A', 5, 0, 3),
(190, '2017-05-18 15:32:11', '1233333', '123333', 'N/A', 12333, 1, 4);

-- --------------------------------------------------------

--
-- Table structure for table `tbl_item_history`
--

CREATE TABLE `tbl_item_history` (
  `history_id` int(11) NOT NULL,
  `item_id` int(11) NOT NULL,
  `dept_id` int(11) NOT NULL,
  `timestamp` datetime NOT NULL DEFAULT CURRENT_TIMESTAMP,
  `date` datetime NOT NULL,
  `reference_id` int(11) NOT NULL DEFAULT '0',
  `referenceNumber` varchar(60) COLLATE utf8mb4_unicode_ci NOT NULL DEFAULT 'N/A',
  `receivingReport` varchar(60) COLLATE utf8mb4_unicode_ci NOT NULL DEFAULT 'N/A',
  `transferType` enum('IN','OUT') COLLATE utf8mb4_unicode_ci NOT NULL,
  `unitCost` decimal(11,2) NOT NULL,
  `quantity` int(11) NOT NULL,
  `customerName` varchar(60) COLLATE utf8mb4_unicode_ci NOT NULL DEFAULT 'N/A',
  `model` varchar(60) COLLATE utf8mb4_unicode_ci NOT NULL DEFAULT 'N/A',
  `serialNumber` varchar(60) COLLATE utf8mb4_unicode_ci NOT NULL DEFAULT 'N/A',
  `user_id` int(11) NOT NULL,
  `comment` varchar(240) COLLATE utf8mb4_unicode_ci NOT NULL DEFAULT 'N/A'
) ENGINE=InnoDB DEFAULT CHARSET=utf8mb4 COLLATE=utf8mb4_unicode_ci ROW_FORMAT=COMPACT;

--
-- Dumping data for table `tbl_item_history`
--

INSERT INTO `tbl_item_history` (`history_id`, `item_id`, `dept_id`, `timestamp`, `date`, `reference_id`, `referenceNumber`, `receivingReport`, `transferType`, `unitCost`, `quantity`, `customerName`, `model`, `serialNumber`, `user_id`, `comment`) VALUES
(4, 2, 3, '2017-05-01 20:08:51', '2017-05-01 00:00:00', 1, '123', '', 'IN', '123.00', 123, 'N/A', 'N/A', 'N/A', 2, 'N/A'),
(5, 2, 3, '2017-05-01 20:08:59', '2017-05-01 00:00:00', 1, '123', '', 'IN', '123.00', 123, 'N/A', 'N/A', 'N/A', 2, 'N/A'),
(6, 2, 3, '2017-05-01 20:09:32', '2017-05-01 00:00:00', 3, '123', 'N/A', 'OUT', '0.00', -123, '123', '123', '123', 2, 'N/A'),
(7, 3, 4, '2017-05-01 20:09:55', '2017-05-01 00:00:00', 1, '123', '', 'IN', '123.00', 123, 'N/A', 'N/A', 'N/A', 4, 'N/A'),
(8, 3, 4, '2017-05-01 20:10:30', '2017-05-01 00:00:00', 1, '123', '', 'IN', '123.00', 123, 'N/A', 'N/A', 'N/A', 4, 'N/A'),
(9, 3, 4, '2017-05-01 20:10:39', '2017-05-01 00:00:00', 1, '123', 'N/A', 'OUT', '0.00', -123, '123', '123', '123', 4, 'N/A'),
(10, 2, 3, '2017-05-02 10:17:07', '2017-05-02 00:00:00', 2, '123', 'N/A', 'OUT', '0.00', -123, '123', '123', '123', 2, 'N/A'),
(11, 4, 3, '2017-05-02 10:31:31', '2017-05-02 00:00:00', 1, 'NP-99-16A', '139-16', 'IN', '257.00', 10, 'N/A', 'N/A', 'N/A', 2, 'N/A'),
(12, 4, 3, '2017-05-02 10:32:55', '2017-05-02 00:00:00', 4, '013195', 'N/A', 'OUT', '0.00', -2, 'PHIL. NIPPON', '', '', 2, 'N/A'),
(15, 5, 2, '2017-05-02 10:52:45', '2017-05-02 00:00:00', 8, '01395/2509', 'N/A', 'OUT', '0.00', -2, 'N/A', 'N/A', 'N/A', 6, 'N/A'),
(16, 6, 3, '2017-05-02 11:08:08', '2016-12-31 00:00:00', 7, 'n/a', 'n/a', 'IN', '9.00', 8, 'N/A', 'N/A', 'N/A', 2, 'N/A'),
(19, 6, 3, '2017-05-02 11:17:51', '2017-03-03 00:00:00', 4, '12345', 'N/A', 'OUT', '0.00', -1, 'nep', 'n/a', 'n/a', 2, 'N/A'),
(20, 6, 3, '2017-05-02 11:18:31', '2017-02-02 00:00:00', 4, '12333', 'N/A', 'OUT', '0.00', -1, 'nep', 'n/a', 'n/a', 2, 'N/A'),
(25, 8, 3, '2017-05-02 15:34:10', '2016-12-31 00:00:00', 7, 'N/A', 'N/A', 'IN', '9.00', 8, 'N/A', 'N/A', 'N/A', 2, 'N/A'),
(26, 9, 3, '2017-05-02 15:34:10', '2016-12-31 00:00:00', 7, 'N/A', 'N/A', 'IN', '9.00', 8, 'N/A', 'N/A', 'N/A', 2, 'N/A'),
(27, 10, 3, '2017-05-02 15:37:26', '2016-12-31 00:00:00', 7, 'N/A', 'N/A', 'IN', '13.00', 1, 'N/A', 'N/A', 'N/A', 2, 'N/A'),
(28, 11, 3, '2017-05-02 15:38:49', '2016-12-31 00:00:00', 7, 'N/A', 'N/A', 'IN', '4.00', 1, 'N/A', 'N/A', 'N/A', 2, 'N/A'),
(29, 12, 3, '2017-05-02 15:43:10', '2016-12-31 00:00:00', 7, 'N/A', 'N/A', 'IN', '0.00', 2, 'N/A', 'N/A', 'N/A', 2, 'N/A'),
(30, 13, 3, '2017-05-02 15:43:10', '2016-12-31 00:00:00', 7, 'N/A', 'N/A', 'IN', '0.00', 2, 'N/A', 'N/A', 'N/A', 2, 'N/A'),
(31, 14, 3, '2017-05-02 15:44:21', '2016-12-31 00:00:00', 7, 'N/A', 'N/A', 'IN', '31.00', 2, 'N/A', 'N/A', 'N/A', 2, 'N/A'),
(32, 15, 3, '2017-05-02 15:45:53', '2016-12-31 00:00:00', 7, 'N/A', 'N/A', 'IN', '27.00', 2, 'N/A', 'N/A', 'N/A', 2, 'N/A'),
(33, 16, 3, '2017-05-02 15:48:22', '2016-12-31 00:00:00', 7, 'N/A', 'N/A', 'IN', '20.00', 4, 'N/A', 'N/A', 'N/A', 2, 'N/A'),
(34, 17, 3, '2017-05-02 15:49:37', '2016-12-31 00:00:00', 7, 'N/A', 'N/A', 'IN', '62.00', 2, 'N/A', 'N/A', 'N/A', 2, 'N/A'),
(35, 18, 3, '2017-05-02 15:51:21', '2016-12-31 00:00:00', 7, 'N/A', 'N/A', 'IN', '37.00', 3, 'N/A', 'N/A', 'N/A', 2, 'N/A'),
(36, 19, 3, '2017-05-02 15:51:21', '2016-12-31 00:00:00', 7, 'N/A', 'N/A', 'IN', '37.00', 3, 'N/A', 'N/A', 'N/A', 2, 'N/A'),
(37, 20, 3, '2017-05-02 15:54:30', '2016-12-31 00:00:00', 7, 'N/A', 'N/A', 'IN', '20.00', 4, 'N/A', 'N/A', 'N/A', 2, 'N/A'),
(38, 21, 3, '2017-05-02 15:55:22', '2016-12-31 00:00:00', 7, 'N/A', 'N/A', 'IN', '0.00', 1, 'N/A', 'N/A', 'N/A', 2, 'N/A'),
(39, 22, 3, '2017-05-02 15:56:33', '2016-12-31 00:00:00', 7, 'N/A', 'N/A', 'IN', '124.00', 2, 'N/A', 'N/A', 'N/A', 2, 'N/A'),
(40, 23, 3, '2017-05-02 16:00:52', '2016-12-31 00:00:00', 7, 'N/A', 'N/A', 'IN', '98.00', 4, 'N/A', 'N/A', 'N/A', 2, 'N/A'),
(41, 24, 3, '2017-05-02 16:02:52', '2016-12-31 00:00:00', 7, 'N/A', 'N/A', 'IN', '2.00', 4, 'N/A', 'N/A', 'N/A', 2, 'N/A'),
(42, 25, 3, '2017-05-02 16:03:54', '2016-12-31 00:00:00', 7, 'N/A', 'N/A', 'IN', '4.00', 2, 'N/A', 'N/A', 'N/A', 2, 'N/A'),
(43, 26, 3, '2017-05-02 16:06:51', '2016-12-31 00:00:00', 7, 'N/A', 'N/A', 'IN', '4.00', 8, 'N/A', 'N/A', 'N/A', 2, 'N/A'),
(44, 27, 3, '2017-05-02 16:10:20', '2016-12-31 00:00:00', 7, 'N/A', 'N/A', 'IN', '4.00', 4, 'N/A', 'N/A', 'N/A', 2, 'N/A'),
(45, 27, 3, '2017-05-02 16:11:53', '2016-12-31 00:00:00', 7, 'N/A', 'N/A', 'IN', '6.00', 11, 'N/A', 'N/A', 'N/A', 2, 'N/A'),
(47, 28, 3, '2017-05-02 16:14:51', '2016-12-31 00:00:00', 7, 'N/A', 'N/A', 'IN', '0.00', 2, 'N/A', 'N/A', 'N/A', 2, 'N/A'),
(48, 29, 3, '2017-05-02 16:24:43', '2016-12-31 00:00:00', 7, 'N/A', 'N/A', 'IN', '15.00', 4, 'N/A', 'N/A', 'N/A', 2, 'N/A'),
(49, 29, 3, '2017-05-02 16:25:35', '2016-12-31 00:00:00', 7, 'N/A', 'N/A', 'IN', '12.00', 3, 'N/A', 'N/A', 'N/A', 2, 'N/A'),
(50, 30, 3, '2017-05-02 16:27:35', '2016-12-31 00:00:00', 7, 'N/A', 'N/A', 'IN', '4.00', 1, 'N/A', 'N/A', 'N/A', 2, 'N/A'),
(51, 31, 3, '2017-05-02 16:30:20', '2016-12-31 00:00:00', 7, 'N/A', 'N/A', 'IN', '12.00', 2, 'N/A', 'N/A', 'N/A', 2, 'N/A'),
(52, 32, 3, '2017-05-02 16:31:51', '2016-12-31 00:00:00', 7, 'N/A', 'N/A', 'IN', '41.00', 4, 'N/A', 'N/A', 'N/A', 2, 'N/A'),
(53, 33, 3, '2017-05-02 16:31:51', '2016-12-31 00:00:00', 7, 'N/A', 'N/A', 'IN', '41.00', 4, 'N/A', 'N/A', 'N/A', 2, 'N/A'),
(54, 34, 3, '2017-05-02 16:39:32', '2016-12-31 00:00:00', 7, 'N/A', 'N/A', 'IN', '0.00', 2, 'N/A', 'N/A', 'N/A', 2, 'N/A'),
(55, 35, 3, '2017-05-02 16:42:05', '2016-12-31 00:00:00', 7, 'N/A', 'N/A', 'IN', '50.00', 2, 'N/A', 'N/A', 'N/A', 2, 'N/A'),
(56, 36, 3, '2017-05-02 16:42:05', '2016-12-31 00:00:00', 7, 'N/A', 'N/A', 'IN', '50.00', 2, 'N/A', 'N/A', 'N/A', 2, 'N/A'),
(57, 37, 3, '2017-05-02 16:44:55', '2016-12-31 00:00:00', 7, 'N/A', 'N/A', 'IN', '0.00', 1, 'N/A', 'N/A', 'N/A', 2, 'N/A'),
(58, 38, 3, '2017-05-02 16:46:08', '2016-12-31 00:00:00', 7, 'N/A', 'N/A', 'IN', '11.00', 2, 'N/A', 'N/A', 'N/A', 2, 'N/A'),
(59, 39, 3, '2017-05-02 16:47:37', '2016-12-31 00:00:00', 7, 'N/A', 'N/A', 'IN', '91.00', 1, 'N/A', 'N/A', 'N/A', 2, 'N/A'),
(60, 40, 3, '2017-05-02 16:50:08', '2016-12-31 00:00:00', 7, 'N/A', 'N/A', 'IN', '18.00', 3, 'N/A', 'N/A', 'N/A', 2, 'N/A'),
(61, 41, 3, '2017-05-02 16:51:07', '2016-12-31 00:00:00', 7, 'N/A', 'N/A', 'IN', '0.00', 2, 'N/A', 'N/A', 'N/A', 2, 'N/A'),
(62, 42, 3, '2017-05-02 16:52:36', '2016-12-31 00:00:00', 7, 'N/A', 'N/A', 'IN', '4.00', 2, 'N/A', 'N/A', 'N/A', 2, 'N/A'),
(63, 43, 3, '2017-05-02 16:52:36', '2016-12-31 00:00:00', 7, 'N/A', 'N/A', 'IN', '4.00', 2, 'N/A', 'N/A', 'N/A', 2, 'N/A'),
(64, 43, 3, '2017-05-02 16:53:04', '2017-05-02 00:00:00', 7, 'N/A', 'N/A', 'IN', '0.00', 7, 'N/A', 'N/A', 'N/A', 2, 'N/A'),
(66, 44, 3, '2017-05-02 16:55:45', '2016-12-31 00:00:00', 7, 'N/A', 'N/A', 'IN', '4.00', 6, 'N/A', 'N/A', 'N/A', 2, 'N/A'),
(67, 45, 3, '2017-05-02 17:03:41', '2016-12-31 00:00:00', 7, 'N/A', 'N/A', 'IN', '4.00', 1, 'N/A', 'N/A', 'N/A', 2, 'N/A'),
(68, 46, 3, '2017-05-02 17:07:27', '2016-12-31 00:00:00', 7, 'N/A', 'N/A', 'IN', '8.00', 2, 'N/A', 'N/A', 'N/A', 2, 'N/A'),
(69, 47, 3, '2017-05-02 17:09:19', '2016-12-31 00:00:00', 7, 'N/A', 'N/A', 'IN', '6.00', 2, 'N/A', 'N/A', 'N/A', 2, 'N/A'),
(70, 48, 3, '2017-05-03 11:46:45', '2016-12-31 00:00:00', 7, 'N/A', 'N/A', 'IN', '8.00', 2, 'N/A', 'N/A', 'N/A', 2, 'N/A'),
(71, 49, 3, '2017-05-03 11:50:52', '2016-12-31 00:00:00', 7, 'N/A', 'N/A', 'IN', '6.00', 1, 'N/A', 'N/A', 'N/A', 2, 'N/A'),
(72, 50, 3, '2017-05-03 13:05:52', '2016-12-31 00:00:00', 7, 'N/A', 'N/A', 'IN', '0.00', 3, 'N/A', 'N/A', 'N/A', 2, 'N/A'),
(73, 51, 3, '2017-05-03 13:07:20', '2016-12-31 00:00:00', 7, 'N/A', 'N/A', 'IN', '29.00', 3, 'N/A', 'N/A', 'N/A', 2, 'N/A'),
(74, 51, 3, '2017-05-03 13:08:07', '2016-12-31 00:00:00', 7, 'N/A', 'N/A', 'IN', '0.00', 2, 'N/A', 'N/A', 'N/A', 2, 'N/A'),
(75, 52, 3, '2017-05-03 13:09:54', '2016-12-31 00:00:00', 7, 'N/A', 'N/A', 'IN', '21.00', 4, 'N/A', 'N/A', 'N/A', 2, 'N/A'),
(76, 53, 3, '2017-05-03 13:11:50', '2016-12-31 00:00:00', 7, 'N/A', 'N/A', 'IN', '35.00', 2, 'N/A', 'N/A', 'N/A', 2, 'N/A'),
(77, 54, 3, '2017-05-03 13:11:50', '2016-12-31 00:00:00', 7, 'N/A', 'N/A', 'IN', '35.00', 2, 'N/A', 'N/A', 'N/A', 2, 'N/A'),
(78, 55, 3, '2017-05-03 13:13:20', '2016-12-31 00:00:00', 7, 'N/A', 'N/A', 'IN', '57.00', 4, 'N/A', 'N/A', 'N/A', 2, 'N/A'),
(79, 56, 3, '2017-05-03 13:14:37', '2016-12-31 00:00:00', 7, 'N/A', 'N/A', 'IN', '51.00', 2, 'N/A', 'N/A', 'N/A', 2, 'N/A'),
(81, 56, 3, '2017-05-03 13:16:03', '2016-12-31 00:00:00', 7, 'N/A', 'N/A', 'IN', '47.00', 4, 'N/A', 'N/A', 'N/A', 2, 'N/A'),
(82, 57, 3, '2017-05-03 13:17:45', '2016-12-31 00:00:00', 7, 'N/A', 'N/A', 'IN', '47.00', 2, 'N/A', 'N/A', 'N/A', 2, 'N/A'),
(83, 58, 3, '2017-05-03 13:19:08', '2016-12-31 00:00:00', 7, 'N/A', 'N/A', 'IN', '65.00', 2, 'N/A', 'N/A', 'N/A', 2, 'N/A'),
(84, 59, 3, '2017-05-03 13:20:21', '2016-12-31 00:00:00', 7, 'N/A', 'N/A', 'IN', '13.00', 5, 'N/A', 'N/A', 'N/A', 2, 'N/A'),
(85, 60, 3, '2017-05-03 13:22:50', '2016-12-31 00:00:00', 7, 'N/A', 'N/A', 'IN', '30.00', 2, 'N/A', 'N/A', 'N/A', 2, 'N/A'),
(86, 61, 3, '2017-05-03 13:24:14', '2016-12-31 00:00:00', 7, 'N/A', 'N/A', 'IN', '163.00', 2, 'N/A', 'N/A', 'N/A', 2, 'N/A'),
(87, 62, 3, '2017-05-03 13:27:01', '2016-12-31 00:00:00', 7, 'N/A', 'N/A', 'IN', '33.00', 1, 'N/A', 'N/A', 'N/A', 2, 'N/A'),
(88, 63, 3, '2017-05-03 13:28:29', '2016-12-31 00:00:00', 7, 'N/A', 'N/A', 'IN', '352.00', 10, 'N/A', 'N/A', 'N/A', 2, 'N/A'),
(89, 64, 3, '2017-05-03 13:31:35', '2016-12-31 00:00:00', 7, 'N/A', 'N/A', 'IN', '302.00', 2, 'N/A', 'N/A', 'N/A', 2, 'N/A'),
(90, 65, 3, '2017-05-03 13:32:43', '2016-12-31 00:00:00', 7, 'N/A', 'N/A', 'IN', '9.00', 2, 'N/A', 'N/A', 'N/A', 2, 'N/A'),
(91, 67, 3, '2017-05-10 14:33:03', '2016-12-31 00:00:00', 7, 'n/a', 'n/a', 'IN', '1.02', 1, 'N/A', 'N/A', 'N/A', 2, 'N/A'),
(92, 68, 3, '2017-05-10 14:34:24', '2016-12-31 00:00:00', 7, 'n/a', 'n/a', 'IN', '1020.00', 1, 'N/A', 'N/A', 'N/A', 2, 'N/A'),
(93, 69, 3, '2017-05-10 14:36:12', '2016-12-31 00:00:00', 7, 'N/A', 'N/A', 'IN', '2.50', 4, 'N/A', 'N/A', 'N/A', 2, 'N/A'),
(94, 70, 3, '2017-05-10 14:37:19', '2016-12-31 00:00:00', 7, 'N/A', 'N/A', 'IN', '4.00', 3, 'N/A', 'N/A', 'N/A', 2, 'N/A'),
(95, 71, 3, '2017-05-10 14:38:39', '2016-12-31 00:00:00', 7, 'N/A', 'N/A', 'IN', '3640.00', 1, 'N/A', 'N/A', 'N/A', 2, 'N/A'),
(96, 72, 3, '2017-05-10 14:39:42', '2016-12-31 00:00:00', 7, 'N/A', 'N/A', 'IN', '4.00', 2, 'N/A', 'N/A', 'N/A', 2, 'N/A'),
(97, 73, 3, '2017-05-10 14:40:41', '2016-12-31 00:00:00', 7, 'N/A', 'N/A', 'IN', '0.00', 1, 'N/A', 'N/A', 'N/A', 2, 'N/A'),
(98, 74, 3, '2017-05-10 14:41:46', '2016-12-31 00:00:00', 7, 'N/A', 'N/A', 'IN', '11.00', 3, 'N/A', 'N/A', 'N/A', 2, 'N/A'),
(99, 75, 3, '2017-05-10 14:43:08', '2016-12-31 00:00:00', 7, 'N/A', 'N/A', 'IN', '77.00', 1, 'N/A', 'N/A', 'N/A', 2, 'N/A'),
(100, 76, 3, '2017-05-10 14:44:29', '2016-12-31 00:00:00', 7, 'N/A', 'N/A', 'IN', '87.00', 1, 'N/A', 'N/A', 'N/A', 2, 'N/A'),
(101, 77, 3, '2017-05-10 14:45:19', '2016-12-31 00:00:00', 7, 'N/A', 'N/A', 'IN', '87.00', 1, 'N/A', 'N/A', 'N/A', 2, 'N/A'),
(102, 78, 3, '2017-05-10 14:47:13', '2016-12-31 00:00:00', 7, 'N/A', 'N/A', 'IN', '27.00', 1, 'N/A', 'N/A', 'N/A', 2, 'N/A'),
(103, 78, 3, '2017-05-10 14:48:03', '2016-12-31 00:00:00', 7, 'N/A', 'N/A', 'IN', '25.00', 1, 'N/A', 'N/A', 'N/A', 2, 'N/A'),
(104, 79, 3, '2017-05-18 13:29:38', '2017-05-10 00:00:00', 7, 'N/A', 'N/A', 'IN', '30.00', 3, 'N/A', 'N/A', 'N/A', 2, 'N/A'),
(105, 9, 3, '2017-05-10 14:51:41', '2017-04-11 00:00:00', 1, 'NP-40-17A', 'N/A', 'IN', '0.00', 8, 'N/A', 'N/A', 'N/A', 2, 'N/A'),
(106, 20, 3, '2017-05-10 14:56:31', '2017-03-14 00:00:00', 4, '013788', 'N/A', 'OUT', '0.00', -2, 'IMASEN PHILS. MANUFACTURING CORP.', 'N/A', 'N/A', 2, 'N/A'),
(107, 80, 3, '2017-05-10 15:48:15', '2016-12-31 00:00:00', 7, 'N/A', 'N/A', 'IN', '4.00', 9, 'N/A', 'N/A', 'N/A', 2, 'N/A'),
(108, 80, 3, '2017-05-10 15:49:02', '2017-03-16 00:00:00', 4, '013798', 'N/A', 'OUT', '0.00', -4, 'DENSO PHILS. CORP.', 'N/A', 'N/A', 2, 'N/A'),
(109, 80, 3, '2017-05-10 15:49:34', '2017-03-22 00:00:00', 4, '013824', 'N/A', 'OUT', '0.00', -4, 'TERUMO', 'N/A', 'N/A', 2, 'N/A'),
(110, 54, 3, '2017-05-10 16:40:15', '2017-03-14 00:00:00', 4, '013788', 'N/A', 'OUT', '0.00', -1, 'BOLT', 'N/A', 'N/A', 2, 'N/A'),
(111, 81, 4, '2017-05-17 14:21:23', '0000-00-00 00:00:00', 0, 'N/A', 'N/A', 'IN', '0.00', 0, 'N/A', 'N/A', 'N/A', 4, 'N/A'),
(112, 82, 4, '2017-05-17 14:22:55', '0000-00-00 00:00:00', 0, 'N/A', 'N/A', 'IN', '0.00', 0, 'N/A', 'N/A', 'N/A', 4, 'N/A'),
(113, 83, 4, '2017-05-17 14:23:52', '0000-00-00 00:00:00', 0, 'N/A', 'N/A', 'IN', '0.00', 0, 'N/A', 'N/A', 'N/A', 4, 'N/A'),
(114, 84, 2, '2017-05-17 14:24:36', '0000-00-00 00:00:00', 0, 'N/A', 'N/A', 'IN', '0.00', 0, 'N/A', 'N/A', 'N/A', 2, 'N/A'),
(115, 85, 4, '2017-05-17 14:25:34', '0000-00-00 00:00:00', 0, 'N/A', 'N/A', 'IN', '0.00', 0, 'N/A', 'N/A', 'N/A', 4, 'N/A'),
(116, 86, 4, '2017-05-17 14:26:50', '0000-00-00 00:00:00', 0, 'N/A', 'N/A', 'IN', '0.00', 0, 'N/A', 'N/A', 'N/A', 4, 'N/A'),
(117, 87, 4, '2017-05-17 14:27:26', '0000-00-00 00:00:00', 0, 'N/A', 'N/A', 'IN', '0.00', 0, 'N/A', 'N/A', 'N/A', 4, 'N/A'),
(118, 88, 2, '2017-05-17 14:27:48', '0000-00-00 00:00:00', 0, 'N/A', 'N/A', 'IN', '0.00', 0, 'N/A', 'N/A', 'N/A', 6, 'N/A'),
(119, 89, 4, '2017-05-17 14:28:11', '0000-00-00 00:00:00', 0, 'N/A', 'N/A', 'IN', '0.00', 0, 'N/A', 'N/A', 'N/A', 4, 'N/A'),
(120, 90, 2, '2017-05-17 14:29:26', '0000-00-00 00:00:00', 0, 'N/A', 'N/A', 'IN', '0.00', 0, 'N/A', 'N/A', 'N/A', 6, 'N/A'),
(121, 91, 2, '2017-05-17 14:30:08', '0000-00-00 00:00:00', 0, 'N/A', 'N/A', 'IN', '0.00', 0, 'N/A', 'N/A', 'N/A', 6, 'N/A'),
(122, 92, 4, '2017-05-17 14:30:19', '0000-00-00 00:00:00', 0, 'N/A', 'N/A', 'IN', '0.00', 0, 'N/A', 'N/A', 'N/A', 4, 'N/A'),
(123, 93, 4, '2017-05-17 14:32:02', '0000-00-00 00:00:00', 0, 'N/A', 'N/A', 'IN', '0.00', 0, 'N/A', 'N/A', 'N/A', 4, 'N/A'),
(124, 94, 2, '2017-05-17 14:32:16', '0000-00-00 00:00:00', 0, 'N/A', 'N/A', 'IN', '0.00', 0, 'N/A', 'N/A', 'N/A', 6, 'N/A'),
(125, 95, 4, '2017-05-17 14:32:33', '0000-00-00 00:00:00', 0, 'N/A', 'N/A', 'IN', '0.00', 0, 'N/A', 'N/A', 'N/A', 4, 'N/A'),
(126, 96, 2, '2017-05-17 14:32:48', '0000-00-00 00:00:00', 0, 'N/A', 'N/A', 'IN', '0.00', 0, 'N/A', 'N/A', 'N/A', 6, 'N/A'),
(127, 97, 4, '2017-05-17 14:32:52', '0000-00-00 00:00:00', 0, 'N/A', 'N/A', 'IN', '0.00', 0, 'N/A', 'N/A', 'N/A', 4, 'N/A'),
(128, 98, 2, '2017-05-17 14:33:11', '0000-00-00 00:00:00', 0, 'N/A', 'N/A', 'IN', '0.00', 0, 'N/A', 'N/A', 'N/A', 6, 'N/A'),
(129, 99, 4, '2017-05-17 14:33:19', '0000-00-00 00:00:00', 0, 'N/A', 'N/A', 'IN', '0.00', 0, 'N/A', 'N/A', 'N/A', 4, 'N/A'),
(130, 100, 4, '2017-05-17 14:33:39', '0000-00-00 00:00:00', 0, 'N/A', 'N/A', 'IN', '0.00', 0, 'N/A', 'N/A', 'N/A', 4, 'N/A'),
(131, 101, 2, '2017-05-17 14:34:00', '0000-00-00 00:00:00', 0, 'N/A', 'N/A', 'IN', '0.00', 0, 'N/A', 'N/A', 'N/A', 6, 'N/A'),
(132, 102, 4, '2017-05-17 14:34:25', '0000-00-00 00:00:00', 0, 'N/A', 'N/A', 'IN', '0.00', 0, 'N/A', 'N/A', 'N/A', 4, 'N/A'),
(133, 103, 4, '2017-05-17 14:34:54', '0000-00-00 00:00:00', 0, 'N/A', 'N/A', 'IN', '0.00', 0, 'N/A', 'N/A', 'N/A', 4, 'N/A'),
(134, 104, 4, '2017-05-17 14:35:23', '0000-00-00 00:00:00', 0, 'N/A', 'N/A', 'IN', '0.00', 0, 'N/A', 'N/A', 'N/A', 4, 'N/A'),
(135, 105, 4, '2017-05-17 14:35:49', '0000-00-00 00:00:00', 0, 'N/A', 'N/A', 'IN', '0.00', 0, 'N/A', 'N/A', 'N/A', 4, 'N/A'),
(136, 106, 4, '2017-05-17 14:36:16', '0000-00-00 00:00:00', 0, 'N/A', 'N/A', 'IN', '0.00', 0, 'N/A', 'N/A', 'N/A', 4, 'N/A'),
(137, 107, 2, '2017-05-17 14:36:43', '0000-00-00 00:00:00', 0, 'N/A', 'N/A', 'IN', '0.00', 0, 'N/A', 'N/A', 'N/A', 6, 'N/A'),
(138, 108, 4, '2017-05-17 14:36:43', '0000-00-00 00:00:00', 0, 'N/A', 'N/A', 'IN', '0.00', 0, 'N/A', 'N/A', 'N/A', 4, 'N/A'),
(139, 109, 4, '2017-05-17 14:37:08', '0000-00-00 00:00:00', 0, 'N/A', 'N/A', 'IN', '0.00', 0, 'N/A', 'N/A', 'N/A', 4, 'N/A'),
(140, 110, 2, '2017-05-17 14:37:12', '0000-00-00 00:00:00', 0, 'N/A', 'N/A', 'IN', '0.00', 0, 'N/A', 'N/A', 'N/A', 6, 'N/A'),
(141, 111, 4, '2017-05-17 14:37:36', '0000-00-00 00:00:00', 0, 'N/A', 'N/A', 'IN', '0.00', 0, 'N/A', 'N/A', 'N/A', 4, 'N/A'),
(142, 112, 2, '2017-05-17 14:37:45', '0000-00-00 00:00:00', 0, 'N/A', 'N/A', 'IN', '0.00', 0, 'N/A', 'N/A', 'N/A', 6, 'N/A'),
(143, 113, 4, '2017-05-17 14:37:57', '0000-00-00 00:00:00', 0, 'N/A', 'N/A', 'IN', '0.00', 0, 'N/A', 'N/A', 'N/A', 4, 'N/A'),
(144, 114, 2, '2017-05-17 14:38:15', '0000-00-00 00:00:00', 0, 'N/A', 'N/A', 'IN', '0.00', 0, 'N/A', 'N/A', 'N/A', 6, 'N/A'),
(145, 115, 4, '2017-05-17 14:38:19', '0000-00-00 00:00:00', 0, 'N/A', 'N/A', 'IN', '0.00', 0, 'N/A', 'N/A', 'N/A', 4, 'N/A'),
(146, 116, 2, '2017-05-17 14:39:03', '0000-00-00 00:00:00', 0, 'N/A', 'N/A', 'IN', '0.00', 0, 'N/A', 'N/A', 'N/A', 6, 'N/A'),
(147, 117, 2, '2017-05-17 14:39:48', '0000-00-00 00:00:00', 0, 'N/A', 'N/A', 'IN', '0.00', 0, 'N/A', 'N/A', 'N/A', 6, 'N/A'),
(148, 118, 2, '2017-05-17 14:40:47', '0000-00-00 00:00:00', 0, 'N/A', 'N/A', 'IN', '0.00', 0, 'N/A', 'N/A', 'N/A', 6, 'N/A'),
(149, 81, 4, '2017-05-17 14:41:14', '2016-12-31 00:00:00', 7, 'PHYSICAL COUNT', 'N/A', 'IN', '4.00', 12, 'N/A', 'N/A', 'N/A', 4, 'N/A'),
(150, 119, 2, '2017-05-17 14:41:26', '0000-00-00 00:00:00', 0, 'N/A', 'N/A', 'IN', '0.00', 0, 'N/A', 'N/A', 'N/A', 6, 'N/A'),
(151, 120, 2, '2017-05-17 14:41:56', '0000-00-00 00:00:00', 0, 'N/A', 'N/A', 'IN', '0.00', 0, 'N/A', 'N/A', 'N/A', 6, 'N/A'),
(152, 81, 4, '2017-05-17 14:42:33', '2017-03-16 00:00:00', 4, '013798', 'N/A', 'OUT', '0.00', -2, 'DENSO PHILS. CORP.', 'N/A', 'N/A', 4, 'N/A'),
(153, 121, 2, '2017-05-17 14:42:39', '0000-00-00 00:00:00', 0, 'N/A', 'N/A', 'IN', '0.00', 0, 'N/A', 'N/A', 'N/A', 6, 'N/A'),
(154, 122, 2, '2017-05-17 14:42:59', '0000-00-00 00:00:00', 0, 'N/A', 'N/A', 'IN', '0.00', 0, 'N/A', 'N/A', 'N/A', 6, 'N/A'),
(155, 123, 2, '2017-05-17 14:43:32', '0000-00-00 00:00:00', 0, 'N/A', 'N/A', 'IN', '0.00', 0, 'N/A', 'N/A', 'N/A', 6, 'N/A'),
(156, 81, 4, '2017-05-17 14:43:44', '2017-05-17 00:00:00', 4, '13824', 'N/A', 'OUT', '0.00', -5, 'TERUMO', 'N/A', 'N/A', 4, 'N/A'),
(157, 124, 2, '2017-05-17 14:44:06', '0000-00-00 00:00:00', 0, 'N/A', 'N/A', 'IN', '0.00', 0, 'N/A', 'N/A', 'N/A', 6, 'N/A'),
(158, 81, 4, '2017-05-17 14:44:20', '2017-05-17 00:00:00', 4, '14322', 'N/A', 'OUT', '0.00', -5, 'YAMAHA', 'N/A', 'N/A', 4, 'N/A'),
(159, 125, 2, '2017-05-17 14:44:30', '0000-00-00 00:00:00', 0, 'N/A', 'N/A', 'IN', '0.00', 0, 'N/A', 'N/A', 'N/A', 6, 'N/A'),
(160, 126, 2, '2017-05-17 14:44:57', '0000-00-00 00:00:00', 0, 'N/A', 'N/A', 'IN', '0.00', 0, 'N/A', 'N/A', 'N/A', 6, 'N/A'),
(161, 113, 4, '2017-05-17 14:45:14', '2017-05-17 00:00:00', 1, '156123', '11453', 'IN', '10.00', 20, 'N/A', 'N/A', 'N/A', 4, 'N/A'),
(162, 127, 2, '2017-05-17 14:45:25', '0000-00-00 00:00:00', 0, 'N/A', 'N/A', 'IN', '0.00', 0, 'N/A', 'N/A', 'N/A', 6, 'N/A'),
(163, 113, 4, '2017-05-17 14:45:49', '2017-05-17 00:00:00', 4, '45632', 'N/A', 'OUT', '0.00', -4, 'MOTOROLA', 'N/A', 'N/A', 4, 'N/A'),
(164, 128, 2, '2017-05-17 14:45:56', '0000-00-00 00:00:00', 0, 'N/A', 'N/A', 'IN', '0.00', 0, 'N/A', 'N/A', 'N/A', 6, 'N/A'),
(165, 113, 4, '2017-05-17 14:46:17', '2017-05-17 00:00:00', 3, '43231', 'N/A', 'OUT', '0.00', -5, 'TERUMO', 'N/A', 'N/A', 4, 'N/A'),
(166, 129, 2, '2017-05-17 14:46:34', '0000-00-00 00:00:00', 0, 'N/A', 'N/A', 'IN', '0.00', 0, 'N/A', 'N/A', 'N/A', 6, 'N/A'),
(167, 113, 4, '2017-05-17 14:46:43', '2017-05-17 00:00:00', 1, '342155', '12632', 'IN', '20.00', 7, 'N/A', 'N/A', 'N/A', 4, 'N/A'),
(168, 113, 4, '2017-05-17 14:47:21', '2017-05-17 00:00:00', 2, '5621', 'N/A', 'OUT', '0.00', -6, 'UNILAB', 'N/A', 'N/A', 4, 'N/A'),
(169, 130, 2, '2017-05-17 14:47:48', '0000-00-00 00:00:00', 0, 'N/A', 'N/A', 'IN', '0.00', 0, 'N/A', 'N/A', 'N/A', 6, 'N/A'),
(170, 113, 4, '2017-05-17 14:47:59', '2017-05-17 00:00:00', 1, '23415', '56423', 'IN', '2.50', 11, 'N/A', 'N/A', 'N/A', 4, 'N/A'),
(171, 131, 2, '2017-05-17 14:48:29', '0000-00-00 00:00:00', 0, 'N/A', 'N/A', 'IN', '0.00', 0, 'N/A', 'N/A', 'N/A', 6, 'N/A'),
(172, 115, 4, '2017-05-17 14:48:29', '2017-05-17 00:00:00', 1, '231266', '90002', 'IN', '5.00', 40, 'N/A', 'N/A', 'N/A', 4, 'N/A'),
(173, 115, 4, '2017-05-17 14:48:52', '2017-05-17 00:00:00', 4, '4577', 'N/A', 'OUT', '0.00', -10, 'MITSUBISHI', 'N/A', 'N/A', 4, 'N/A'),
(174, 132, 2, '2017-05-17 14:48:57', '0000-00-00 00:00:00', 0, 'N/A', 'N/A', 'IN', '0.00', 0, 'N/A', 'N/A', 'N/A', 6, 'N/A'),
(175, 115, 4, '2017-05-17 14:49:15', '2017-05-17 00:00:00', 3, '12885', 'N/A', 'OUT', '0.00', -20, 'MITSUBISHI', 'N/A', 'N/A', 4, 'N/A'),
(176, 133, 2, '2017-05-17 14:49:19', '0000-00-00 00:00:00', 0, 'N/A', 'N/A', 'IN', '0.00', 0, 'N/A', 'N/A', 'N/A', 6, 'N/A'),
(177, 115, 4, '2017-05-17 14:49:40', '2017-05-17 00:00:00', 5, '54332', 'N/A', 'IN', '2.00', 5, 'N/A', 'N/A', 'N/A', 4, 'N/A'),
(178, 134, 2, '2017-05-17 14:49:52', '0000-00-00 00:00:00', 0, 'N/A', 'N/A', 'IN', '0.00', 0, 'N/A', 'N/A', 'N/A', 6, 'N/A'),
(179, 115, 4, '2017-05-17 14:50:04', '2017-05-17 00:00:00', 4, '345743', 'N/A', 'OUT', '0.00', -12, 'YAMAHA', 'N/A', 'N/A', 4, 'N/A'),
(180, 113, 4, '2017-05-17 14:50:39', '2017-05-17 00:00:00', 4, '786232', 'N/A', 'OUT', '0.00', -10, 'UNILAB', 'N/A', 'N/A', 4, 'N/A'),
(181, 135, 2, '2017-05-17 14:50:45', '0000-00-00 00:00:00', 0, 'N/A', 'N/A', 'IN', '0.00', 0, 'N/A', 'N/A', 'N/A', 6, 'N/A'),
(182, 136, 2, '2017-05-17 14:51:05', '0000-00-00 00:00:00', 0, 'N/A', 'N/A', 'IN', '0.00', 0, 'N/A', 'N/A', 'N/A', 6, 'N/A'),
(183, 111, 4, '2017-05-17 14:51:13', '2017-05-17 00:00:00', 1, '32901', '234832', 'IN', '10.00', 30, 'N/A', 'N/A', 'N/A', 4, 'N/A'),
(184, 137, 2, '2017-05-17 14:51:30', '0000-00-00 00:00:00', 0, 'N/A', 'N/A', 'IN', '0.00', 0, 'N/A', 'N/A', 'N/A', 6, 'N/A'),
(185, 109, 4, '2017-05-17 14:51:40', '2017-05-17 00:00:00', 1, '78453', '23145', 'IN', '5.00', 15, 'N/A', 'N/A', 'N/A', 4, 'N/A'),
(186, 138, 2, '2017-05-17 14:51:58', '0000-00-00 00:00:00', 0, 'N/A', 'N/A', 'IN', '0.00', 0, 'N/A', 'N/A', 'N/A', 6, 'N/A'),
(187, 111, 4, '2017-05-17 14:52:16', '2017-05-17 00:00:00', 6, '45321', 'N/A', 'OUT', '0.00', -25, 'YOKOHAMA', 'N/A', 'N/A', 4, 'N/A'),
(188, 139, 2, '2017-05-17 14:52:28', '0000-00-00 00:00:00', 0, 'N/A', 'N/A', 'IN', '0.00', 0, 'N/A', 'N/A', 'N/A', 6, 'N/A'),
(189, 111, 4, '2017-05-17 14:52:38', '2017-05-17 00:00:00', 3, '4322', 'N/A', 'OUT', '0.00', -3, 'UNILAB', 'N/A', 'N/A', 4, 'N/A'),
(190, 140, 2, '2017-05-17 14:52:52', '0000-00-00 00:00:00', 0, 'N/A', 'N/A', 'IN', '0.00', 0, 'N/A', 'N/A', 'N/A', 6, 'N/A'),
(191, 141, 2, '2017-05-17 14:53:16', '0000-00-00 00:00:00', 0, 'N/A', 'N/A', 'IN', '0.00', 0, 'N/A', 'N/A', 'N/A', 6, 'N/A'),
(192, 108, 4, '2017-05-17 14:53:17', '2016-05-17 00:00:00', 1, '65733', '', 'IN', '10.00', 40, 'N/A', 'N/A', 'N/A', 4, 'N/A'),
(193, 106, 4, '2017-05-17 14:53:42', '2017-05-17 00:00:00', 1, '76544', '9984', 'IN', '5.00', 10, 'N/A', 'N/A', 'N/A', 4, 'N/A'),
(194, 142, 2, '2017-05-17 14:53:52', '0000-00-00 00:00:00', 0, 'N/A', 'N/A', 'IN', '0.00', 0, 'N/A', 'N/A', 'N/A', 6, 'N/A'),
(195, 106, 4, '2017-05-17 14:54:04', '2017-05-17 00:00:00', 3, '23451', 'N/A', 'OUT', '0.00', -9, 'UNILEVER', 'N/A', 'N/A', 4, 'N/A'),
(196, 105, 4, '2017-05-17 14:54:36', '2017-05-17 00:00:00', 5, '2311', 'N/A', 'IN', '50.00', 5, 'N/A', 'N/A', 'N/A', 4, 'N/A'),
(197, 143, 2, '2017-05-17 14:54:39', '0000-00-00 00:00:00', 0, 'N/A', 'N/A', 'IN', '0.00', 0, 'N/A', 'N/A', 'N/A', 6, 'N/A'),
(198, 144, 2, '2017-05-17 14:55:03', '0000-00-00 00:00:00', 0, 'N/A', 'N/A', 'IN', '0.00', 0, 'N/A', 'N/A', 'N/A', 6, 'N/A'),
(199, 145, 2, '2017-05-17 14:55:59', '0000-00-00 00:00:00', 0, 'N/A', 'N/A', 'IN', '0.00', 0, 'N/A', 'N/A', 'N/A', 6, 'N/A'),
(200, 104, 4, '2017-05-17 14:56:32', '2017-05-17 00:00:00', 1, '23671', '9876', 'IN', '5.00', 20, 'N/A', 'N/A', 'N/A', 4, 'N/A'),
(201, 146, 2, '2017-05-17 14:56:33', '0000-00-00 00:00:00', 0, 'N/A', 'N/A', 'IN', '0.00', 0, 'N/A', 'N/A', 'N/A', 6, 'N/A'),
(202, 147, 2, '2017-05-17 14:56:56', '0000-00-00 00:00:00', 0, 'N/A', 'N/A', 'IN', '0.00', 0, 'N/A', 'N/A', 'N/A', 6, 'N/A'),
(203, 81, 4, '2017-05-17 14:56:58', '2017-05-17 00:00:00', 1, '43521', '11231', 'IN', '5.00', 20, 'N/A', 'N/A', 'N/A', 4, 'N/A'),
(204, 103, 4, '2017-05-17 14:57:27', '2017-05-17 00:00:00', 1, '234126', '1152', 'IN', '5.00', 24, 'N/A', 'N/A', 'N/A', 4, 'N/A'),
(205, 148, 2, '2017-05-17 14:57:42', '0000-00-00 00:00:00', 0, 'N/A', 'N/A', 'IN', '0.00', 0, 'N/A', 'N/A', 'N/A', 6, 'N/A'),
(206, 102, 4, '2017-05-17 14:57:55', '2017-05-17 00:00:00', 1, '22187', '9453', 'IN', '5.00', 15, 'N/A', 'N/A', 'N/A', 4, 'N/A'),
(207, 149, 2, '2017-05-17 14:58:12', '0000-00-00 00:00:00', 0, 'N/A', 'N/A', 'IN', '0.00', 0, 'N/A', 'N/A', 'N/A', 6, 'N/A'),
(208, 100, 4, '2017-05-17 14:58:24', '2017-05-17 00:00:00', 1, '1452', '9981', 'IN', '3.00', 5, 'N/A', 'N/A', 'N/A', 4, 'N/A'),
(209, 150, 2, '2017-05-17 14:58:39', '0000-00-00 00:00:00', 0, 'N/A', 'N/A', 'IN', '0.00', 0, 'N/A', 'N/A', 'N/A', 6, 'N/A'),
(210, 99, 4, '2017-05-17 14:58:50', '2017-05-17 00:00:00', 3, '5632', 'N/A', 'IN', '20.00', 20, 'N/A', 'N/A', 'N/A', 4, 'N/A'),
(211, 151, 2, '2017-05-17 14:59:09', '0000-00-00 00:00:00', 0, 'N/A', 'N/A', 'IN', '0.00', 0, 'N/A', 'N/A', 'N/A', 6, 'N/A'),
(212, 97, 4, '2017-05-17 14:59:12', '2017-05-17 00:00:00', 2, '24136', '7821', 'IN', '2.00', 2, 'N/A', 'N/A', 'N/A', 4, 'N/A'),
(213, 152, 2, '2017-05-17 14:59:40', '0000-00-00 00:00:00', 0, 'N/A', 'N/A', 'IN', '0.00', 0, 'N/A', 'N/A', 'N/A', 6, 'N/A'),
(214, 95, 4, '2017-05-17 14:59:40', '2017-05-17 00:00:00', 4, '12', 'N/A', 'IN', '100.00', 9, 'N/A', 'N/A', 'N/A', 4, 'N/A'),
(215, 93, 4, '2017-05-17 15:00:03', '2017-05-17 00:00:00', 2, '2311', '6783', 'IN', '3.00', 2, 'N/A', 'N/A', 'N/A', 4, 'N/A'),
(216, 153, 2, '2017-05-17 15:00:06', '0000-00-00 00:00:00', 0, 'N/A', 'N/A', 'IN', '0.00', 0, 'N/A', 'N/A', 'N/A', 6, 'N/A'),
(217, 154, 2, '2017-05-17 15:00:30', '0000-00-00 00:00:00', 0, 'N/A', 'N/A', 'IN', '0.00', 0, 'N/A', 'N/A', 'N/A', 6, 'N/A'),
(218, 92, 4, '2017-05-17 15:00:42', '2017-05-17 00:00:00', 1, '4332', '1123', 'IN', '5.00', 20, 'N/A', 'N/A', 'N/A', 4, 'N/A'),
(219, 155, 2, '2017-05-17 15:00:55', '0000-00-00 00:00:00', 0, 'N/A', 'N/A', 'IN', '0.00', 0, 'N/A', 'N/A', 'N/A', 6, 'N/A'),
(220, 156, 2, '2017-05-17 15:01:16', '0000-00-00 00:00:00', 0, 'N/A', 'N/A', 'IN', '0.00', 0, 'N/A', 'N/A', 'N/A', 6, 'N/A'),
(221, 89, 4, '2017-05-17 15:01:16', '2017-05-17 00:00:00', 1, '3221', '7814', 'IN', '5.00', 20, 'N/A', 'N/A', 'N/A', 4, 'N/A'),
(222, 87, 4, '2017-05-17 15:01:42', '2017-05-17 00:00:00', 2, '4441', '5621', 'IN', '4.00', 5, 'N/A', 'N/A', 'N/A', 4, 'N/A'),
(223, 157, 2, '2017-05-17 15:01:44', '0000-00-00 00:00:00', 0, 'N/A', 'N/A', 'IN', '0.00', 0, 'N/A', 'N/A', 'N/A', 6, 'N/A'),
(224, 86, 4, '2017-05-17 15:02:16', '2017-05-17 00:00:00', 1, '54211', '32116', 'IN', '10.00', 10, 'N/A', 'N/A', 'N/A', 4, 'N/A'),
(225, 158, 2, '2017-05-17 15:02:20', '0000-00-00 00:00:00', 0, 'N/A', 'N/A', 'IN', '0.00', 0, 'N/A', 'N/A', 'N/A', 6, 'N/A'),
(226, 85, 4, '2017-05-17 15:02:37', '2017-05-17 00:00:00', 3, '2311', 'N/A', 'IN', '4.00', 5, 'N/A', 'N/A', 'N/A', 4, 'N/A'),
(227, 159, 2, '2017-05-17 15:02:50', '0000-00-00 00:00:00', 0, 'N/A', 'N/A', 'IN', '0.00', 0, 'N/A', 'N/A', 'N/A', 6, 'N/A'),
(228, 83, 4, '2017-05-17 15:03:04', '2017-05-17 00:00:00', 3, '1145', 'N/A', 'IN', '3.00', 6, 'N/A', 'N/A', 'N/A', 4, 'N/A'),
(229, 160, 2, '2017-05-17 15:03:15', '0000-00-00 00:00:00', 0, 'N/A', 'N/A', 'IN', '0.00', 0, 'N/A', 'N/A', 'N/A', 6, 'N/A'),
(230, 82, 4, '2017-05-17 15:03:33', '2017-05-17 00:00:00', 1, '4521', '2333', 'IN', '5.00', 5, 'N/A', 'N/A', 'N/A', 4, 'N/A'),
(231, 161, 2, '2017-05-17 15:03:45', '0000-00-00 00:00:00', 0, 'N/A', 'N/A', 'IN', '0.00', 0, 'N/A', 'N/A', 'N/A', 6, 'N/A'),
(232, 81, 4, '2017-05-17 15:04:07', '2017-05-17 00:00:00', 3, '3321', 'N/A', 'OUT', '0.00', -2, 'UNILAB', 'N/A', 'N/A', 4, 'N/A'),
(233, 162, 2, '2017-05-17 15:04:12', '0000-00-00 00:00:00', 0, 'N/A', 'N/A', 'IN', '0.00', 0, 'N/A', 'N/A', 'N/A', 6, 'N/A'),
(234, 163, 2, '2017-05-17 15:04:31', '0000-00-00 00:00:00', 0, 'N/A', 'N/A', 'IN', '0.00', 0, 'N/A', 'N/A', 'N/A', 6, 'N/A'),
(235, 111, 4, '2017-05-17 15:04:34', '2017-05-17 00:00:00', 2, '1123', 'N/A', 'OUT', '0.00', -2, 'TERUMO', 'N/A', 'N/A', 4, 'N/A'),
(236, 111, 4, '2017-05-17 15:04:53', '2017-05-17 00:00:00', 5, '2311', 'N/A', 'IN', '5.00', 7, 'N/A', 'N/A', 'N/A', 4, 'N/A'),
(237, 81, 4, '2017-05-17 15:05:37', '2017-05-17 00:00:00', 4, '11261', 'N/A', 'OUT', '0.00', -10, 'DOVE', 'N/A', 'N/A', 4, 'N/A'),
(238, 164, 4, '2017-05-17 15:06:44', '0000-00-00 00:00:00', 0, 'N/A', 'N/A', 'IN', '0.00', 0, 'N/A', 'N/A', 'N/A', 4, 'N/A'),
(239, 162, 2, '2017-05-17 15:06:54', '2017-05-17 00:00:00', 1, 'PO-NP-108-16A', 'RR-150-16', 'IN', '0.00', 2, 'N/A', 'N/A', 'N/A', 6, 'N/A'),
(240, 163, 2, '2017-05-17 15:07:42', '2017-05-17 00:00:00', 1, 'PO-NP-108-16A', 'RR-150-16', 'IN', '0.00', 7, 'N/A', 'N/A', 'N/A', 6, 'N/A'),
(241, 164, 4, '2017-05-17 15:08:01', '2017-05-17 00:00:00', 1, '15116', '15016', 'IN', '2804.00', 2, 'N/A', 'N/A', 'N/A', 4, 'N/A'),
(242, 165, 4, '2017-05-17 15:08:48', '0000-00-00 00:00:00', 0, 'N/A', 'N/A', 'IN', '0.00', 0, 'N/A', 'N/A', 'N/A', 4, 'N/A'),
(243, 160, 2, '2017-05-17 15:09:07', '2017-05-17 00:00:00', 1, 'PO-NP-108-16A', 'RR-150-16', 'IN', '0.00', 5, 'N/A', 'N/A', 'N/A', 6, 'N/A'),
(244, 159, 2, '2017-05-17 15:09:58', '2017-05-17 00:00:00', 1, 'PO-NP-108-16A', 'RR-150-16', 'IN', '0.00', 8, 'N/A', 'N/A', 'N/A', 6, 'N/A'),
(245, 165, 4, '2017-05-17 15:10:02', '2017-05-17 00:00:00', 1, '11521', '15016', 'IN', '12.00', 10, 'N/A', 'N/A', 'N/A', 4, 'N/A'),
(246, 158, 2, '2017-05-17 15:10:21', '2017-05-17 00:00:00', 1, 'PO-NP-108-16A', 'RR-150-16', 'IN', '0.00', 24, 'N/A', 'N/A', 'N/A', 6, 'N/A'),
(247, 165, 4, '2017-05-17 15:10:38', '2017-05-17 00:00:00', 4, '12016', 'N/A', 'OUT', '0.00', -5, 'YOKOHAMA', 'N/A', 'N/A', 4, 'N/A'),
(248, 157, 2, '2017-05-17 15:11:01', '2017-05-17 00:00:00', 1, 'PO-NP-108-16A', 'RR-150-16', 'IN', '0.00', 16, 'N/A', 'N/A', 'N/A', 6, 'N/A'),
(249, 165, 4, '2017-05-17 15:11:15', '2017-05-17 00:00:00', 4, '1124', 'N/A', 'OUT', '0.00', -3, 'UNILAB', 'N/A', 'N/A', 4, 'N/A'),
(250, 165, 4, '2017-05-17 15:11:40', '2017-05-17 00:00:00', 1, '6674', '3412', 'IN', '8.00', 10, 'N/A', 'N/A', 'N/A', 4, 'N/A'),
(251, 155, 2, '2017-05-17 15:11:55', '2017-05-17 00:00:00', 1, 'PO-NP-108-16A', 'RR-150-16', 'IN', '0.00', 13, 'N/A', 'N/A', 'N/A', 6, 'N/A'),
(252, 154, 2, '2017-05-17 15:12:42', '2017-05-17 00:00:00', 1, 'PO-NP-108-16A', 'RR-150-16', 'IN', '0.00', 2, 'N/A', 'N/A', 'N/A', 6, 'N/A'),
(253, 165, 4, '2017-05-17 15:12:46', '2017-05-17 00:00:00', 4, '1131', 'N/A', 'OUT', '0.00', -5, 'SUNPOWER PHILS.', 'N/A', 'N/A', 4, 'N/A'),
(254, 153, 2, '2017-05-17 15:13:46', '2017-05-17 00:00:00', 1, 'PO-NP-108-16A', 'RR-150-16', 'IN', '0.00', 4, 'N/A', 'N/A', 'N/A', 6, 'N/A'),
(255, 106, 4, '2017-05-17 15:14:00', '2017-05-17 00:00:00', 2, '012836', 'N/A', 'OUT', '0.00', -1, 'COSMIC MANUFACTURING PHILS., INC', 'N/A', 'N/A', 4, 'N/A'),
(256, 152, 2, '2017-05-17 15:14:27', '2017-05-17 00:00:00', 1, 'PO-NP-108-16A', 'RR-150-16', 'IN', '0.00', 35, 'N/A', 'N/A', 'N/A', 6, 'N/A'),
(257, 86, 4, '2017-05-17 15:14:48', '2017-05-17 00:00:00', 3, '122800', 'N/A', 'OUT', '0.00', -5, 'LAMCOR', 'N/A', 'N/A', 4, 'N/A'),
(258, 151, 2, '2017-05-17 15:14:56', '2017-05-17 00:00:00', 1, 'PO-NP-108-16A', 'RR-150-16', 'IN', '0.00', 5, 'N/A', 'N/A', 'N/A', 6, 'N/A'),
(259, 86, 4, '2017-05-17 15:15:10', '2017-05-17 00:00:00', 2, '21699', 'N/A', 'OUT', '0.00', -5, 'LAMCOR', 'N/A', 'N/A', 4, 'N/A'),
(260, 150, 2, '2017-05-17 15:15:32', '2017-05-17 00:00:00', 1, 'PO-NP-108-16A', 'RR-150-16', 'IN', '0.00', 8, 'N/A', 'N/A', 'N/A', 6, 'N/A'),
(261, 83, 4, '2017-05-17 15:15:52', '2017-05-17 00:00:00', 1, '54005', 'N/A', 'OUT', '0.00', -4, 'NAPI', 'N/A', 'N/A', 4, 'N/A'),
(262, 83, 4, '2017-05-17 15:16:36', '2017-05-17 00:00:00', 2, '2037', 'N/A', 'OUT', '0.00', -2, 'FBSPN', 'N/A', 'N/A', 4, 'N/A'),
(263, 149, 2, '2017-05-17 15:16:46', '2017-05-17 00:00:00', 1, 'PO-NP-108-16A', 'RR-150-16', 'IN', '0.00', 1, 'N/A', 'N/A', 'N/A', 6, 'N/A'),
(264, 146, 2, '2017-05-17 15:17:10', '2017-05-17 00:00:00', 1, 'PO-NP-108-16A', 'RR-150-16', 'IN', '0.00', 20, 'N/A', 'N/A', 'N/A', 6, 'N/A'),
(265, 103, 4, '2017-05-17 15:17:14', '2017-05-17 00:00:00', 1, '5411', 'N/A', 'OUT', '0.00', -2, 'BROTHER INDUSTRIES', 'N/A', 'N/A', 4, 'N/A'),
(266, 145, 2, '2017-05-17 15:17:34', '2017-05-17 00:00:00', 1, 'PO-NP-108-16A', 'RR-150-16', 'IN', '0.00', 34, 'N/A', 'N/A', 'N/A', 6, 'N/A'),
(267, 103, 4, '2017-05-17 15:17:49', '2017-05-17 00:00:00', 1, '1322', 'N/A', 'OUT', '0.00', -15, 'COSMIC PHILS.', 'N/A', 'N/A', 4, 'N/A'),
(268, 103, 4, '2017-05-17 15:19:12', '2017-05-17 00:00:00', 1, '4431', 'N/A', 'OUT', '0.00', -5, 'SUNPOWER PHILS.', 'N/A', 'N/A', 4, 'N/A'),
(269, 144, 2, '2017-05-17 15:19:14', '2017-05-17 00:00:00', 1, 'PO-NP-108-16A', 'RR-150-16', 'IN', '0.00', 13, 'N/A', 'N/A', 'N/A', 6, 'N/A'),
(270, 103, 4, '2017-05-17 15:19:55', '2017-05-17 00:00:00', 2, '1441', 'N/A', 'OUT', '0.00', -2, 'NAPI CEBU', 'N/A', 'N/A', 4, 'N/A'),
(271, 143, 2, '2017-05-17 15:20:02', '2017-05-17 00:00:00', 1, 'PO-NP-108-16A', 'RR-150-16', 'IN', '0.00', 12, 'N/A', 'N/A', 'N/A', 6, 'N/A'),
(272, 92, 4, '2017-05-17 15:20:38', '2017-05-17 00:00:00', 1, '3312', 'N/A', 'OUT', '0.00', -10, 'UNILAB', 'N/A', 'N/A', 4, 'N/A'),
(273, 142, 2, '2017-05-17 15:20:54', '2017-05-17 00:00:00', 1, 'PO-NP-108-16A', 'RR-150-16', 'IN', '0.00', 23, 'N/A', 'N/A', 'N/A', 6, 'N/A'),
(274, 92, 4, '2017-05-17 15:21:10', '2017-05-17 00:00:00', 2, '4413', 'N/A', 'OUT', '0.00', -5, 'TEMCO', 'N/A', 'N/A', 4, 'N/A'),
(275, 92, 4, '2017-05-17 15:21:36', '2017-05-17 00:00:00', 3, '1142', 'N/A', 'OUT', '0.00', -5, 'LAMCOR', 'N/A', 'N/A', 4, 'N/A'),
(276, 141, 2, '2017-05-17 15:22:14', '2017-05-17 00:00:00', 1, 'PO-NP-108-16A', 'RR-150-16', 'IN', '0.00', 9, 'N/A', 'N/A', 'N/A', 6, 'N/A'),
(277, 115, 4, '2017-05-17 15:22:17', '2017-05-17 00:00:00', 1, '1142', '8623', 'IN', '5.00', 3, 'N/A', 'N/A', 'N/A', 4, 'N/A'),
(278, 139, 2, '2017-05-17 15:22:50', '2017-05-17 00:00:00', 1, 'PO-NP-108-16A', 'RR-150-16', 'IN', '0.00', 5, 'N/A', 'N/A', 'N/A', 6, 'N/A'),
(279, 99, 4, '2017-05-17 15:23:20', '2017-05-17 00:00:00', 2, '31282', 'N/A', 'OUT', '0.00', -10, 'SMART', 'N/A', 'N/A', 4, 'N/A'),
(280, 84, 2, '2017-05-17 15:23:42', '2017-05-17 00:00:00', 1, 'PO-NP-108-16A', 'RR-150-16', 'IN', '0.00', 3, 'N/A', 'N/A', 'N/A', 6, 'N/A'),
(281, 99, 4, '2017-05-17 15:23:43', '2017-05-17 00:00:00', 4, '1152', 'N/A', 'OUT', '0.00', -5, 'SUN', 'N/A', 'N/A', 4, 'N/A'),
(282, 113, 4, '2017-05-17 15:24:17', '2017-05-17 00:00:00', 4, '5992', 'N/A', 'OUT', '0.00', -11, 'TELUS', 'N/A', 'N/A', 4, 'N/A'),
(283, 88, 2, '2017-05-17 15:24:17', '2017-05-17 00:00:00', 1, 'PO-NP-108-16A', 'RR-150-16', 'IN', '0.00', 8, 'N/A', 'N/A', 'N/A', 6, 'N/A'),
(284, 111, 4, '2017-05-17 15:24:52', '2017-05-17 00:00:00', 2, '5312', 'N/A', 'OUT', '0.00', -6, 'UNILAB', 'N/A', 'N/A', 4, 'N/A'),
(285, 90, 2, '2017-05-17 15:25:03', '2017-05-17 00:00:00', 1, 'PO-NP-108-16A', 'RR-150-16', 'IN', '0.00', 12, 'N/A', 'N/A', 'N/A', 6, 'N/A'),
(286, 91, 2, '2017-05-17 15:25:31', '2017-05-17 00:00:00', 1, 'PO-NP-108-16A', 'RR-150-16', 'IN', '0.00', 11, 'N/A', 'N/A', 'N/A', 6, 'N/A'),
(287, 115, 4, '2017-05-17 15:25:45', '2017-05-17 00:00:00', 1, '11552', 'N/A', 'OUT', '0.00', -5, 'NAPI', 'N/A', 'N/A', 4, 'N/A'),
(288, 113, 4, '2017-05-17 15:26:13', '2017-05-17 00:00:00', 1, '00193', '', 'IN', '5.00', 2, 'N/A', 'N/A', 'N/A', 4, 'N/A'),
(289, 94, 2, '2017-05-17 15:26:20', '2017-05-17 00:00:00', 1, 'PO-NP-108-16A', 'RR-150-16', 'IN', '0.00', 10, 'N/A', 'N/A', 'N/A', 6, 'N/A'),
(290, 113, 4, '2017-05-17 15:26:59', '2017-05-17 00:00:00', 1, '1151', 'N/A', 'OUT', '0.00', -4, 'NAMCO', 'N/A', 'N/A', 4, 'N/A'),
(291, 99, 4, '2017-05-17 15:27:29', '2017-05-17 00:00:00', 1, '00452', '', 'IN', '5.00', 10, 'N/A', 'N/A', 'N/A', 4, 'N/A'),
(292, 138, 2, '2017-05-17 15:28:16', '2017-05-17 00:00:00', 1, 'PO-NP-108-16A', 'RR-150-16', 'IN', '0.00', 21, 'N/A', 'N/A', 'N/A', 6, 'N/A'),
(293, 137, 2, '2017-05-17 15:29:05', '2017-05-17 00:00:00', 1, 'PO-NP-108-16A', 'RR-150-16', 'IN', '0.00', 12, 'N/A', 'N/A', 'N/A', 6, 'N/A'),
(294, 136, 2, '2017-05-17 15:29:25', '2017-05-17 00:00:00', 1, 'PO-NP-108-16A', 'RR-150-16', 'IN', '0.00', 4, 'N/A', 'N/A', 'N/A', 6, 'N/A'),
(295, 100, 4, '2017-05-17 15:29:46', '2017-05-17 00:00:00', 1, '1662', '1124', 'IN', '5.00', 15, 'N/A', 'N/A', 'N/A', 4, 'N/A'),
(296, 135, 2, '2017-05-17 15:29:50', '2017-05-17 00:00:00', 1, 'PO-NP-108-16A', 'RR-150-16', 'IN', '0.00', 3, 'N/A', 'N/A', 'N/A', 6, 'N/A'),
(297, 100, 4, '2017-05-17 15:30:19', '2017-05-17 00:00:00', 2, '5211', '10012', 'IN', '5.00', 10, 'N/A', 'N/A', 'N/A', 4, 'N/A'),
(298, 134, 2, '2017-05-17 15:30:19', '2017-05-17 00:00:00', 1, 'PO-NP-108-16A', 'RR-150-16', 'IN', '0.00', 12, 'N/A', 'N/A', 'N/A', 6, 'N/A'),
(299, 166, 3, '2017-05-17 15:54:13', '0000-00-00 00:00:00', 0, 'N/A', 'N/A', 'IN', '0.00', 0, 'N/A', 'N/A', 'N/A', 2, 'N/A'),
(300, 166, 3, '2017-05-17 16:07:26', '2017-05-17 00:00:00', 1, 'PO-NP-108-16A', 'RR-150-16', 'IN', '5408.00', 10, 'N/A', 'N/A', 'N/A', 2, 'N/A'),
(301, 166, 3, '2017-05-17 16:13:39', '2017-05-17 00:00:00', 1, 'PO-NP-108-16A', 'N/A', 'OUT', '0.00', -5, 'COSMIC MANUFACTURING PHILS., INC.', 'N/A', 'N/A', 2, 'N/A'),
(302, 163, 2, '2017-05-17 19:10:11', '2017-05-17 00:00:00', 3, 'PO-NP-108-16A', 'N/A', 'OUT', '0.00', -2, 'FBISPN', 'N/A', 'N/A', 6, 'N/A'),
(303, 167, 2, '2017-05-17 19:10:33', '0000-00-00 00:00:00', 0, 'N/A', 'N/A', 'IN', '0.00', 0, 'N/A', 'N/A', 'N/A', 6, 'N/A'),
(304, 168, 2, '2017-05-17 06:36:03', '0000-00-00 00:00:00', 0, 'N/A', 'N/A', 'IN', '0.00', 0, 'N/A', 'N/A', 'N/A', 6, 'N/A'),
(305, 168, 2, '2017-05-17 06:36:15', '2017-05-17 00:00:00', 1, '111', '111', 'IN', '0.00', 11, 'N/A', 'N/A', 'N/A', 6, 'N/A'),
(306, 168, 2, '2017-05-17 06:36:25', '2017-05-17 00:00:00', 1, '22', 'N/A', 'OUT', '0.00', -2, '22', '22', '222', 6, 'N/A'),
(307, 107, 2, '2017-05-17 20:17:39', '2017-05-18 00:00:00', 1, '5211', '3211', 'IN', '0.00', 1, 'N/A', 'N/A', 'N/A', 6, 'N/A'),
(308, 169, 4, '2017-05-17 20:19:27', '0000-00-00 00:00:00', 0, 'N/A', 'N/A', 'IN', '0.00', 0, 'N/A', 'N/A', 'N/A', 4, 'N/A'),
(309, 169, 4, '2017-05-17 20:20:06', '2017-05-18 00:00:00', 4, '1552', 'N/A', 'IN', '5.00', 1, 'N/A', 'N/A', 'N/A', 4, 'N/A'),
(310, 114, 2, '2017-05-17 20:22:05', '2017-05-18 00:00:00', 1, '4416', '1151', 'IN', '0.00', 8, 'N/A', 'N/A', 'N/A', 6, 'N/A'),
(311, 114, 2, '2017-05-17 20:22:26', '2017-05-18 00:00:00', 2, '6621', '7635', 'IN', '0.00', 8, 'N/A', 'N/A', 'N/A', 6, 'N/A'),
(312, 170, 4, '2017-05-17 20:24:02', '0000-00-00 00:00:00', 0, 'N/A', 'N/A', 'IN', '0.00', 0, 'N/A', 'N/A', 'N/A', 4, 'N/A'),
(313, 170, 4, '2017-05-17 20:24:36', '2017-05-18 00:00:00', 1, '6612', '4211', 'IN', '5.00', 16, 'N/A', 'N/A', 'N/A', 4, 'N/A'),
(314, 171, 4, '2017-05-17 20:26:25', '0000-00-00 00:00:00', 0, 'N/A', 'N/A', 'IN', '0.00', 0, 'N/A', 'N/A', 'N/A', 4, 'N/A'),
(315, 171, 4, '2017-05-17 20:27:21', '2017-05-18 00:00:00', 3, '1141', 'N/A', 'IN', '2.00', 8, 'N/A', 'N/A', 'N/A', 4, 'N/A'),
(316, 14, 3, '2017-05-17 20:28:32', '2017-05-18 00:00:00', 4, '4421', 'N/A', 'IN', '5.00', 3, 'N/A', 'N/A', 'N/A', 2, 'N/A'),
(317, 157, 2, '2017-05-17 20:31:04', '2017-05-18 00:00:00', 1, '4412', 'N/A', 'OUT', '0.00', -14, 'COSMIC PHILS.', 'N/A', 'N/A', 6, 'N/A'),
(318, 172, 4, '2017-05-17 20:32:08', '0000-00-00 00:00:00', 0, 'N/A', 'N/A', 'IN', '0.00', 0, 'N/A', 'N/A', 'N/A', 4, 'N/A'),
(319, 172, 4, '2017-05-17 20:32:37', '2017-05-18 00:00:00', 1, '11221', '9987', 'IN', '200.00', 16, 'N/A', 'N/A', 'N/A', 4, 'N/A'),
(320, 172, 4, '2017-05-17 20:32:59', '2017-05-18 00:00:00', 1, '667', 'N/A', 'OUT', '0.00', -14, 'UNILAB', 'N/A', 'N/A', 4, 'N/A'),
(321, 161, 2, '2017-05-17 20:42:26', '2017-05-18 00:00:00', 1, '1166', '8788', 'IN', '0.00', 2, 'N/A', 'N/A', 'N/A', 6, 'N/A'),
(322, 173, 4, '2017-05-17 20:43:36', '0000-00-00 00:00:00', 0, 'N/A', 'N/A', 'IN', '0.00', 0, 'N/A', 'N/A', 'N/A', 4, 'N/A'),
(323, 173, 4, '2017-05-17 20:44:01', '2017-05-18 00:00:00', 3, '5511', 'N/A', 'IN', '5.00', 2, 'N/A', 'N/A', 'N/A', 4, 'N/A'),
(324, 16, 3, '2017-05-17 20:46:04', '2017-05-18 00:00:00', 4, '1132', 'N/A', 'IN', '10.00', 20, 'N/A', 'N/A', 'N/A', 2, 'N/A'),
(325, 174, 4, '2017-05-17 20:52:11', '0000-00-00 00:00:00', 0, 'N/A', 'N/A', 'IN', '0.00', 0, 'N/A', 'N/A', 'N/A', 4, 'N/A'),
(326, 174, 4, '2017-05-17 20:52:41', '2017-05-18 00:00:00', 4, '6738', 'N/A', 'IN', '78.00', 24, 'N/A', 'N/A', 'N/A', 4, 'N/A'),
(327, 156, 2, '2017-05-17 20:54:41', '2017-05-18 00:00:00', 5, '32873', 'N/A', 'IN', '0.00', 6, 'N/A', 'N/A', 'N/A', 6, 'N/A'),
(328, 19, 3, '2017-05-17 20:56:00', '2017-05-18 00:00:00', 5, '873', 'N/A', 'IN', '34.00', 3, 'N/A', 'N/A', 'N/A', 2, 'N/A'),
(329, 156, 2, '2017-05-17 20:58:14', '2017-05-18 00:00:00', 4, '34343', 'N/A', 'IN', '0.00', 3, 'N/A', 'N/A', 'N/A', 6, 'N/A'),
(330, 175, 4, '2017-05-17 21:00:31', '0000-00-00 00:00:00', 0, 'N/A', 'N/A', 'IN', '0.00', 0, 'N/A', 'N/A', 'N/A', 4, 'N/A'),
(331, 175, 4, '2017-05-17 21:00:55', '2017-05-18 00:00:00', 4, '97659', 'N/A', 'IN', '234.00', 9, 'N/A', 'N/A', 'N/A', 4, 'N/A'),
(332, 20, 3, '2017-05-17 21:02:45', '2017-05-18 00:00:00', 5, '45723', 'N/A', 'IN', '45.00', 11, 'N/A', 'N/A', 'N/A', 2, 'N/A'),
(333, 176, 4, '2017-05-17 21:03:42', '0000-00-00 00:00:00', 0, 'N/A', 'N/A', 'IN', '0.00', 0, 'N/A', 'N/A', 'N/A', 4, 'N/A'),
(334, 176, 4, '2017-05-17 21:04:13', '2017-05-18 00:00:00', 3, '4356', 'N/A', 'IN', '34.00', 13, 'N/A', 'N/A', 'N/A', 4, 'N/A'),
(335, 177, 2, '2017-05-18 10:42:30', '0000-00-00 00:00:00', 0, 'N/A', 'N/A', 'IN', '0.00', 0, 'N/A', 'N/A', 'N/A', 6, 'N/A'),
(336, 177, 2, '2017-05-18 10:43:57', '2017-05-18 00:00:00', 4, '1162', 'N/A', 'IN', '0.00', 7, 'N/A', 'N/A', 'N/A', 6, 'N/A'),
(337, 178, 3, '2017-05-18 10:44:43', '0000-00-00 00:00:00', 0, 'N/A', 'N/A', 'IN', '0.00', 0, 'N/A', 'N/A', 'N/A', 2, 'N/A'),
(338, 178, 3, '2017-05-18 10:45:07', '2017-05-18 00:00:00', 4, '8811', 'N/A', 'IN', '5.00', 7, 'N/A', 'N/A', 'N/A', 2, 'N/A'),
(339, 179, 2, '2017-05-18 10:47:06', '0000-00-00 00:00:00', 0, 'N/A', 'N/A', 'IN', '0.00', 0, 'N/A', 'N/A', 'N/A', 6, 'N/A'),
(340, 179, 2, '2017-05-18 10:47:34', '2017-05-18 00:00:00', 1, '1131', '2241', 'IN', '0.00', 4, 'N/A', 'N/A', 'N/A', 6, 'N/A'),
(341, 180, 4, '2017-05-18 10:49:51', '0000-00-00 00:00:00', 0, 'N/A', 'N/A', 'IN', '0.00', 0, 'N/A', 'N/A', 'N/A', 4, 'N/A'),
(342, 180, 4, '2017-05-18 10:50:18', '2017-05-18 00:00:00', 1, '1141', '2212', 'IN', '5.00', 4, 'N/A', 'N/A', 'N/A', 4, 'N/A'),
(343, 181, 4, '2017-05-18 10:51:47', '0000-00-00 00:00:00', 0, 'N/A', 'N/A', 'IN', '0.00', 0, 'N/A', 'N/A', 'N/A', 4, 'N/A'),
(344, 181, 4, '2017-05-18 10:52:23', '2017-05-18 00:00:00', 0, '1133', '4122', 'IN', '10.00', 8, 'N/A', 'N/A', 'N/A', 4, 'N/A'),
(345, 148, 2, '2017-05-18 10:54:26', '2017-05-18 00:00:00', 1, '4413', '09077', 'IN', '0.00', 2, 'N/A', 'N/A', 'N/A', 6, 'N/A'),
(346, 182, 4, '2017-05-18 10:54:59', '0000-00-00 00:00:00', 0, 'N/A', 'N/A', 'IN', '0.00', 0, 'N/A', 'N/A', 'N/A', 4, 'N/A'),
(347, 182, 4, '2017-05-18 10:55:17', '2017-05-18 00:00:00', 4, '7744', 'N/A', 'IN', '20.00', 2, 'N/A', 'N/A', 'N/A', 4, 'N/A'),
(348, 37, 3, '2017-05-18 10:57:14', '2017-05-18 00:00:00', 1, '1152', '331', 'IN', '5.00', 8, 'N/A', 'N/A', 'N/A', 2, 'N/A'),
(349, 183, 4, '2017-05-18 10:58:00', '0000-00-00 00:00:00', 0, 'N/A', 'N/A', 'IN', '0.00', 0, 'N/A', 'N/A', 'N/A', 4, 'N/A'),
(350, 183, 4, '2017-05-18 10:58:21', '2017-05-18 00:00:00', 4, '6640', 'N/A', 'IN', '5.00', 9, 'N/A', 'N/A', 'N/A', 4, 'N/A'),
(351, 36, 3, '2017-05-18 11:01:37', '2017-05-18 00:00:00', 3, '5512', 'N/A', 'IN', '10.00', 21, 'N/A', 'N/A', 'N/A', 2, 'N/A'),
(352, 184, 4, '2017-05-18 11:02:11', '0000-00-00 00:00:00', 0, 'N/A', 'N/A', 'IN', '0.00', 0, 'N/A', 'N/A', 'N/A', 4, 'N/A'),
(353, 184, 4, '2017-05-18 11:02:57', '2017-05-18 00:00:00', 3, '1141', 'N/A', 'IN', '5.00', 23, 'N/A', 'N/A', 'N/A', 4, 'N/A'),
(354, 149, 2, '2017-05-18 11:05:18', '2017-05-18 00:00:00', 3, '5521', 'N/A', 'IN', '0.00', 14, 'N/A', 'N/A', 'N/A', 6, 'N/A'),
(355, 185, 4, '2017-05-18 11:06:22', '0000-00-00 00:00:00', 0, 'N/A', 'N/A', 'IN', '0.00', 0, 'N/A', 'N/A', 'N/A', 4, 'N/A'),
(356, 185, 4, '2017-05-18 11:06:44', '2017-05-18 00:00:00', 4, '4413', 'N/A', 'IN', '100.00', 15, 'N/A', 'N/A', 'N/A', 4, 'N/A'),
(357, 186, 4, '2017-05-18 11:08:33', '0000-00-00 00:00:00', 0, 'N/A', 'N/A', 'IN', '0.00', 0, 'N/A', 'N/A', 'N/A', 4, 'N/A'),
(358, 187, 4, '2017-05-18 11:09:44', '0000-00-00 00:00:00', 0, 'N/A', 'N/A', 'IN', '0.00', 0, 'N/A', 'N/A', 'N/A', 4, 'N/A'),
(359, 187, 4, '2017-05-18 11:11:32', '2017-05-18 00:00:00', 4, '2241', 'N/A', 'IN', '50.00', 8, 'N/A', 'N/A', 'N/A', 4, 'N/A'),
(360, 79, 3, '2017-05-18 11:18:04', '2017-05-18 00:00:00', 4, '2342323', 'N/A', 'OUT', '0.00', -3, 'UNILAB', 'N/A', 'N/A', 2, 'N/A'),
(361, 78, 3, '2017-05-18 11:18:39', '2017-05-18 00:00:00', 4, '738-342', 'N/A', 'IN', '56.00', 6, 'N/A', 'N/A', 'N/A', 2, 'N/A'),
(362, 76, 3, '2017-05-18 11:19:55', '2017-05-18 00:00:00', 5, '865-388', 'N/A', 'IN', '12.00', 8, 'N/A', 'N/A', 'N/A', 2, 'N/A'),
(363, 75, 3, '2017-05-18 11:20:28', '2017-05-18 00:00:00', 2, '48293-34', 'RR-150-16', 'IN', '13.00', 6, 'N/A', 'N/A', 'N/A', 2, 'N/A'),
(364, 74, 3, '2017-05-18 11:20:59', '2017-05-18 00:00:00', 4, '836-32', 'N/A', 'IN', '10.00', 4, 'N/A', 'N/A', 'N/A', 2, 'N/A'),
(365, 72, 3, '2017-05-18 11:22:02', '2017-05-18 00:00:00', 1, 'PO-NP-108-16A', 'RR-150-16', 'IN', '11.00', 10, 'N/A', 'N/A', 'N/A', 2, 'N/A'),
(366, 70, 3, '2017-05-18 11:24:05', '2017-05-18 00:00:00', 4, '82-345', 'N/A', 'IN', '10.00', 4, 'N/A', 'N/A', 'N/A', 2, 'N/A'),
(367, 69, 3, '2017-05-18 11:25:24', '2017-05-18 00:00:00', 4, '83-233', 'N/A', 'OUT', '0.00', -4, 'COSMIC MANUFACTURING PHILS., INC.', 'N/A', 'N/A', 2, 'N/A'),
(368, 68, 3, '2017-05-18 11:29:15', '2017-05-18 00:00:00', 5, '423-242', 'N/A', 'OUT', '0.00', -1, 'UNILAB', 'N/A', 'N/A', 2, 'N/A'),
(369, 75, 3, '2017-05-18 11:30:05', '2017-05-18 00:00:00', 4, '23-242', 'N/A', 'OUT', '0.00', -7, 'COSMIC MANUFACTURING PHILS., INC.', 'N/A', 'N/A', 2, 'N/A'),
(370, 64, 3, '2017-05-18 11:32:09', '2017-05-18 00:00:00', 3, '23-4224', 'N/A', 'IN', '23.00', 4, 'N/A', 'N/A', 'N/A', 2, 'N/A'),
(371, 61, 3, '2017-05-18 11:33:51', '2017-05-18 00:00:00', 4, '34-324', 'N/A', 'OUT', '0.00', -2, 'UNILAB', 'N/A', 'N/A', 2, 'N/A'),
(372, 58, 3, '2017-05-18 11:34:38', '2017-05-18 00:00:00', 3, '4-2934', 'N/A', 'IN', '16.00', 7, 'N/A', 'N/A', 'N/A', 2, 'N/A'),
(373, 59, 3, '2017-05-18 11:35:41', '2017-05-18 00:00:00', 1, 'PO-NP-108-16A', 'RR-150-16', 'IN', '12.00', 3, 'N/A', 'N/A', 'N/A', 2, 'N/A'),
(374, 188, 3, '2017-05-18 12:55:58', '0000-00-00 00:00:00', 0, 'N/A', 'N/A', 'IN', '0.00', 0, 'N/A', 'N/A', 'N/A', 2, 'N/A'),
(375, 188, 3, '2017-05-18 13:00:27', '2017-05-18 00:00:00', 1, 'PO-NP-79-16A', 'RR-118-16', 'IN', '350.00', 10, 'N/A', 'N/A', 'N/A', 2, 'N/A'),
(376, 188, 3, '2017-05-18 13:22:23', '2017-05-18 00:00:00', 1, '01367', 'N/A', 'OUT', '0.00', -1, 'NEP LOGISTICS CORPORATED', 'N/A', 'N/A', 2, 'N/A'),
(377, 189, 3, '2017-05-18 14:27:30', '0000-00-00 00:00:00', 0, 'N/A', 'N/A', 'IN', '0.00', 0, 'N/A', 'N/A', 'N/A', 2, 'N/A'),
(378, 189, 3, '2017-05-18 14:32:45', '2017-05-18 00:00:00', 1, 'PO-NP-79-16A', 'RR-118-16', 'IN', '350.00', 10, 'N/A', 'N/A', 'N/A', 2, 'N/A'),
(379, 189, 3, '2017-05-18 14:33:58', '2017-05-18 00:00:00', 4, '013167', 'N/A', 'OUT', '0.00', -1, 'NEP LOGISTICS CORPORATED', 'N/A', 'N/A', 2, 'N/A'),
(380, 190, 4, '2017-05-18 15:32:11', '0000-00-00 00:00:00', 0, 'N/A', 'N/A', 'IN', '0.00', 0, 'N/A', 'N/A', 'N/A', 4, 'N/A');

-- --------------------------------------------------------

--
-- Table structure for table `tbl_reference`
--

CREATE TABLE `tbl_reference` (
  `reference_id` int(11) NOT NULL,
  `referenceType` varchar(60) COLLATE utf8mb4_unicode_ci NOT NULL
) ENGINE=InnoDB DEFAULT CHARSET=utf8mb4 COLLATE=utf8mb4_unicode_ci;

--
-- Dumping data for table `tbl_reference`
--

INSERT INTO `tbl_reference` (`reference_id`, `referenceType`) VALUES
(0, 'N/A'),
(1, 'Purchase Order'),
(2, 'Transfer Ticket'),
(3, 'Pick-up Order'),
(4, 'Invoice'),
(5, 'Delivery Receipt'),
(6, 'Invoice / Delivery Receipt'),
(7, 'Physical Count'),
(9, 'Other');

-- --------------------------------------------------------

--
-- Table structure for table `tbl_users`
--

CREATE TABLE `tbl_users` (
  `user_id` int(11) NOT NULL,
  `userType_id` int(11) NOT NULL,
  `username` varchar(60) COLLATE utf8mb4_unicode_ci NOT NULL,
  `password` varchar(60) COLLATE utf8mb4_unicode_ci NOT NULL,
  `firstName` varchar(60) COLLATE utf8mb4_unicode_ci NOT NULL,
  `lastName` varchar(60) COLLATE utf8mb4_unicode_ci NOT NULL,
  `contactNumber` varchar(60) COLLATE utf8mb4_unicode_ci NOT NULL,
  `displayPicture` varchar(120) COLLATE utf8mb4_unicode_ci NOT NULL
) ENGINE=InnoDB DEFAULT CHARSET=utf8mb4 COLLATE=utf8mb4_unicode_ci ROW_FORMAT=COMPACT;

--
-- Dumping data for table `tbl_users`
--

INSERT INTO `tbl_users` (`user_id`, `userType_id`, `username`, `password`, `firstName`, `lastName`, `contactNumber`, `displayPicture`) VALUES
(1, 1, 'ADMIN', '81dc9bdb52d04dc20036dbd8313ed055', 'Mark', 'Dela Cruz', '09269566991', 'default.png'),
(2, 3, 'SERVICE', '81dc9bdb52d04dc20036dbd8313ed055', 'JAJA', 'REYES', 'N/A', 'default.png'),
(4, 4, 'ACCOUNTING', '81dc9bdb52d04dc20036dbd8313ed055', 'N/A', 'N/A', 'N/A', 'default.png'),
(5, 5, 'guest', '81dc9bdb52d04dc20036dbd8313ed055', 'guest', 'guest', 'N/A', 'default.png'),
(6, 2, 'WAREHOUSE', '81dc9bdb52d04dc20036dbd8313ed055', 'N/A', 'N/A', 'N/A', 'default.png');

-- --------------------------------------------------------

--
-- Table structure for table `tbl_user_type`
--

CREATE TABLE `tbl_user_type` (
  `userType_id` int(11) NOT NULL,
  `userType` varchar(30) COLLATE utf8mb4_unicode_ci NOT NULL
) ENGINE=InnoDB DEFAULT CHARSET=utf8mb4 COLLATE=utf8mb4_unicode_ci;

--
-- Dumping data for table `tbl_user_type`
--

INSERT INTO `tbl_user_type` (`userType_id`, `userType`) VALUES
(1, 'ADMINISTRATOR'),
(2, 'WAREHOUSE USER'),
(3, 'SERVICE USER'),
(4, 'ACCOUNTING USER'),
(5, 'GUEST');

--
-- Indexes for dumped tables
--

--
-- Indexes for table `tbl_activity_logs`
--
ALTER TABLE `tbl_activity_logs`
  ADD PRIMARY KEY (`activityLog_id`);

--
-- Indexes for table `tbl_activity_type`
--
ALTER TABLE `tbl_activity_type`
  ADD PRIMARY KEY (`activityType_id`);

--
-- Indexes for table `tbl_department`
--
ALTER TABLE `tbl_department`
  ADD PRIMARY KEY (`dept_id`);

--
-- Indexes for table `tbl_item`
--
ALTER TABLE `tbl_item`
  ADD PRIMARY KEY (`item_id`);

--
-- Indexes for table `tbl_item_history`
--
ALTER TABLE `tbl_item_history`
  ADD PRIMARY KEY (`history_id`);

--
-- Indexes for table `tbl_reference`
--
ALTER TABLE `tbl_reference`
  ADD PRIMARY KEY (`reference_id`);

--
-- Indexes for table `tbl_users`
--
ALTER TABLE `tbl_users`
  ADD PRIMARY KEY (`user_id`),
  ADD KEY `userType_id` (`userType_id`);

--
-- Indexes for table `tbl_user_type`
--
ALTER TABLE `tbl_user_type`
  ADD PRIMARY KEY (`userType_id`);

--
-- AUTO_INCREMENT for dumped tables
--

--
-- AUTO_INCREMENT for table `tbl_activity_logs`
--
ALTER TABLE `tbl_activity_logs`
  MODIFY `activityLog_id` int(11) NOT NULL AUTO_INCREMENT, AUTO_INCREMENT=388;
--
-- AUTO_INCREMENT for table `tbl_activity_type`
--
ALTER TABLE `tbl_activity_type`
  MODIFY `activityType_id` int(11) NOT NULL AUTO_INCREMENT, AUTO_INCREMENT=8;
--
-- AUTO_INCREMENT for table `tbl_department`
--
ALTER TABLE `tbl_department`
  MODIFY `dept_id` int(11) NOT NULL AUTO_INCREMENT, AUTO_INCREMENT=4;
--
-- AUTO_INCREMENT for table `tbl_item`
--
ALTER TABLE `tbl_item`
  MODIFY `item_id` int(11) NOT NULL AUTO_INCREMENT, AUTO_INCREMENT=191;
--
-- AUTO_INCREMENT for table `tbl_item_history`
--
ALTER TABLE `tbl_item_history`
  MODIFY `history_id` int(11) NOT NULL AUTO_INCREMENT, AUTO_INCREMENT=381;
--
-- AUTO_INCREMENT for table `tbl_reference`
--
ALTER TABLE `tbl_reference`
  MODIFY `reference_id` int(11) NOT NULL AUTO_INCREMENT, AUTO_INCREMENT=10;
--
-- AUTO_INCREMENT for table `tbl_users`
--
ALTER TABLE `tbl_users`
  MODIFY `user_id` int(11) NOT NULL AUTO_INCREMENT, AUTO_INCREMENT=7;
--
-- AUTO_INCREMENT for table `tbl_user_type`
--
ALTER TABLE `tbl_user_type`
  MODIFY `userType_id` int(11) NOT NULL AUTO_INCREMENT, AUTO_INCREMENT=6;
/*!40101 SET CHARACTER_SET_CLIENT=@OLD_CHARACTER_SET_CLIENT */;
/*!40101 SET CHARACTER_SET_RESULTS=@OLD_CHARACTER_SET_RESULTS */;
/*!40101 SET COLLATION_CONNECTION=@OLD_COLLATION_CONNECTION */;
